dataset,mode,seed,total_samples,train_pool_size,train_size,test_size,input_dim,num_classes,parameter_count,clients,rounds,local_epochs,batch_size,lr,clip_norm,noise_multiplier,initial_accuracy,final_accuracy,best_accuracy,mean_round_loss,clipped_client_updates,dataset_load_sec,preprocess_sec,training_sec,wall_sec,sample_exposures,training_samples_per_sec,baseline_rss_mib,peak_rss_mib,peak_rss_delta_mib,device,partition,round_accuracies
covertype,clip,42,581012,464809,10000,116203,54,7,385,3,5,1,1024,0.01,1.0,0.08,0.124317,0.607798,0.607798,1.593061,0,1.013125,0.534512,12.880294,16.345638,50000,3881.899,263.93,599.32,335.391,cpu,stratified_iid,"[0.124317, 0.349716, 0.490857, 0.553247, 0.584968, 0.607798]"
covertype,dp,42,581012,464809,10000,116203,54,7,385,3,5,1,1024,0.01,1.0,0.08,0.124317,0.581594,0.581594,1.6316,0,0.983917,0.590973,12.899806,16.461615,50000,3876.027,263.652,587.621,323.969,cpu,stratified_iid,"[0.124317, 0.283633, 0.42128, 0.50713, 0.540347, 0.581594]"
covertype,fl,42,581012,464809,10000,116203,54,7,385,3,5,1,1024,0.01,1.0,0.08,0.124317,0.607798,0.607798,1.593061,0,1.127483,0.704915,12.859194,16.652044,50000,3888.269,263.73,600.875,337.145,cpu,stratified_iid,"[0.124317, 0.349716, 0.490857, 0.553247, 0.584968, 0.607798]"
covertype,clip,52,581012,464809,10000,116203,54,7,385,3,5,1,1024,0.01,1.0,0.08,0.103663,0.639321,0.639321,1.652982,0,1.144055,0.7088,12.611962,16.408449,50000,3964.49,263.914,606.059,342.145,cpu,stratified_iid,"[0.103663, 0.299553, 0.445789, 0.566457, 0.618822, 0.639321]"
covertype,dp,52,581012,464809,10000,116203,54,7,385,3,5,1,1024,0.01,1.0,0.08,0.103663,0.554073,0.554073,1.72779,0,1.045116,0.635409,12.74915,16.395191,50000,3921.83,262.996,597.715,334.719,cpu,stratified_iid,"[0.103663, 0.268986, 0.359646, 0.424559, 0.484712, 0.554073]"
covertype,fl,52,581012,464809,10000,116203,54,7,385,3,5,1,1024,0.01,1.0,0.08,0.103663,0.639321,0.639321,1.652982,0,1.155341,0.436168,12.704779,16.230502,50000,3935.527,263.676,583.949,320.273,cpu,stratified_iid,"[0.103663, 0.299553, 0.445789, 0.566457, 0.618822, 0.639321]"
covertype,clip,62,581012,464809,10000,116203,54,7,385,3,5,1,1024,0.01,1.0,0.08,0.111262,0.634777,0.634777,1.660187,0,0.785367,0.424778,12.366994,15.490973,50000,4043.02,264.113,615.059,350.945,cpu,stratified_iid,"[0.111262, 0.339423, 0.503033, 0.581603, 0.615492, 0.634777]"
covertype,dp,62,581012,464809,10000,116203,54,7,385,3,5,1,1024,0.01,1.0,0.08,0.111262,0.574159,0.574159,1.708841,0,1.275729,0.599504,12.854527,16.664571,50000,3889.68,263.719,633.426,369.707,cpu,stratified_iid,"[0.111262, 0.243341, 0.431211, 0.508782, 0.533756, 0.574159]"
covertype,fl,62,581012,464809,10000,116203,54,7,385,3,5,1,1024,0.01,1.0,0.08,0.111262,0.634777,0.634777,1.660187,0,1.088969,0.63265,12.72801,16.435246,50000,3928.344,263.543,612.977,349.434,cpu,stratified_iid,"[0.111262, 0.339423, 0.503033, 0.581603, 0.615492, 0.634777]"
covertype,clip,42,581012,464809,100000,116203,54,7,385,3,5,1,1024,0.01,1.0,0.08,0.126193,0.699139,0.699139,1.119343,15,2.643451,0.93085,20.062688,25.60768,500000,24921.884,263.988,627.211,363.223,cpu,stratified_iid,"[0.126193, 0.471821, 0.612007, 0.651756, 0.684113, 0.699139]"
covertype,dp,42,581012,464809,100000,116203,54,7,385,3,5,1,1024,0.01,1.0,0.08,0.126193,0.661411,0.661411,1.134847,15,0.911496,0.612345,20.396061,23.910397,500000,24514.537,263.672,613.727,350.055,cpu,stratified_iid,"[0.126193, 0.392098, 0.566448, 0.600802, 0.633676, 0.661411]"
covertype,fl,42,581012,464809,100000,116203,54,7,385,3,5,1,1024,0.01,1.0,0.08,0.126193,0.713329,0.713329,0.943663,0,0.928997,0.864078,21.128149,24.886894,500000,23665.111,263.781,630.062,366.281,cpu,stratified_iid,"[0.126193, 0.64309, 0.699509, 0.71166, 0.712727, 0.713329]"
covertype,clip,52,581012,464809,100000,116203,54,7,385,3,5,1,1024,0.01,1.0,0.08,0.104748,0.701066,0.701066,1.127857,15,0.790162,0.662424,20.756381,24.240495,500000,24088.978,263.941,624.16,360.219,cpu,stratified_iid,"[0.104748, 0.457914, 0.626103, 0.661084, 0.685129, 0.701066]"
covertype,dp,52,581012,464809,100000,116203,54,7,385,3,5,1,1024,0.01,1.0,0.08,0.104748,0.669819,0.669819,1.150805,15,0.938366,0.717043,19.601755,23.163286,500000,25507.92,264.109,607.832,343.723,cpu,stratified_iid,"[0.104748, 0.40079, 0.561182, 0.617385, 0.637083, 0.669819]"
covertype,fl,52,581012,464809,100000,116203,54,7,385,3,5,1,1024,0.01,1.0,0.08,0.104748,0.712804,0.712804,0.947953,0,0.978979,0.807055,21.050946,24.861227,500000,23751.902,263.602,630.672,367.07,cpu,stratified_iid,"[0.104748, 0.652608, 0.699225, 0.711032, 0.711866, 0.712804]"
covertype,clip,62,581012,464809,100000,116203,54,7,385,3,5,1,1024,0.01,1.0,0.08,0.111408,0.703028,0.703028,1.141629,15,0.978937,0.838591,20.45063,24.267201,500000,24449.125,264.227,602.324,338.098,cpu,stratified_iid,"[0.111408, 0.482948, 0.649286, 0.671687, 0.693037, 0.703028]"
covertype,dp,62,581012,464809,100000,116203,54,7,385,3,5,1,1024,0.01,1.0,0.08,0.111408,0.672427,0.672427,1.15746,15,0.757769,0.607793,19.945004,23.261146,500000,25068.935,263.352,571.949,308.598,cpu,stratified_iid,"[0.111408, 0.418819, 0.586499, 0.626765, 0.65488, 0.672427]"
covertype,fl,62,581012,464809,100000,116203,54,7,385,3,5,1,1024,0.01,1.0,0.08,0.111408,0.710722,0.712538,0.958653,0,0.955311,0.71633,20.214052,23.779835,500000,24735.268,263.172,620.109,356.938,cpu,stratified_iid,"[0.111408, 0.6492, 0.697805, 0.710739, 0.712538, 0.710722]"
covertype,clip,42,581012,464809,464809,116203,54,7,385,3,5,1,1024,0.01,1.0,0.08,0.126408,0.700645,0.700645,0.856322,15,1.148925,1.62759,51.777096,56.507899,2324045,44885.58,263.27,715.242,451.973,cpu,stratified_iid,"[0.126408, 0.408415, 0.592205, 0.659484, 0.686488, 0.700645]"
covertype,dp,42,581012,464809,464809,116203,54,7,385,3,5,1,1024,0.01,1.0,0.08,0.126408,0.637712,0.637712,0.862504,15,0.908113,1.210375,51.111106,55.211345,2324045,45470.451,263.133,715.07,451.938,cpu,stratified_iid,"[0.126408, 0.332917, 0.508119, 0.566887, 0.599546, 0.637712]"
covertype,fl,42,581012,464809,464809,116203,54,7,385,3,5,1,1024,0.01,1.0,0.08,0.126408,0.718828,0.718828,0.738343,0,0.827094,1.032234,52.217115,56.045068,2324045,44507.342,263.574,716.34,452.766,cpu,stratified_iid,"[0.126408, 0.707254, 0.713811, 0.716255, 0.718148, 0.718828]"
covertype,clip,52,581012,464809,464809,116203,54,7,385,3,5,1,1024,0.01,1.0,0.08,0.104533,0.698132,0.698132,0.858704,15,0.968403,1.328121,49.792023,54.049928,2324045,46675.047,263.754,716.773,453.02,cpu,stratified_iid,"[0.104533, 0.403879, 0.56317, 0.64019, 0.678451, 0.698132]"
covertype,dp,52,581012,464809,464809,116203,54,7,385,3,5,1,1024,0.01,1.0,0.08,0.104533,0.62914,0.62914,0.866589,15,0.893829,1.44331,52.139011,56.411348,2324045,44574.014,263.766,715.492,451.727,cpu,stratified_iid,"[0.104533, 0.371204, 0.486889, 0.53959, 0.586637, 0.62914]"
covertype,fl,52,581012,464809,464809,116203,54,7,385,3,5,1,1024,0.01,1.0,0.08,0.104533,0.719259,0.719259,0.737615,0,0.761198,1.050492,50.230267,53.966422,2324045,46267.821,263.309,716.359,453.051,cpu,stratified_iid,"[0.104533, 0.708321, 0.714939, 0.717864, 0.7182, 0.719259]"
covertype,clip,62,581012,464809,464809,116203,54,7,385,3,5,1,1024,0.01,1.0,0.08,0.111245,0.703123,0.703123,0.865579,15,1.160416,1.173499,50.672262,54.921022,2324045,45864.244,263.836,715.961,452.125,cpu,stratified_iid,"[0.111245, 0.393432, 0.585458, 0.654949, 0.688511, 0.703123]"
covertype,dp,62,581012,464809,464809,116203,54,7,385,3,5,1,1024,0.01,1.0,0.08,0.111245,0.643546,0.643546,0.870278,15,1.242846,1.337202,52.670974,57.195215,2324045,44123.828,263.363,715.094,451.73,cpu,stratified_iid,"[0.111245, 0.338029, 0.519246, 0.583221, 0.603676, 0.643546]"
covertype,fl,62,581012,464809,464809,116203,54,7,385,3,5,1,1024,0.01,1.0,0.08,0.111245,0.721582,0.721582,0.74022,0,1.09487,1.319533,50.907578,55.304171,2324045,45652.241,264.0,715.73,451.73,cpu,stratified_iid,"[0.111245, 0.712219, 0.713106, 0.716539, 0.71968, 0.721582]"
