backend,model,seed,actual_proof,dataset,case_name,client_id,vector_dim,verified,clip_ok,relation_ok,accepted,clip_sum_sq,relation_sum_sq,clip_bound_excess,relation_linf_gap,logrows,num_rows,total_assignments,pipeline_sec,pipeline_baseline_rss_bytes,pipeline_peak_rss_bytes,pipeline_peak_rss_delta_bytes,update_payload_bytes,audit_metadata_bytes,s2_payload_bytes,communication_overhead_bytes,communication_overhead_ratio,export_onnx_sec,export_onnx_baseline_rss_bytes,export_onnx_peak_rss_bytes,export_onnx_peak_rss_delta_bytes,gen_settings_sec,gen_settings_baseline_rss_bytes,gen_settings_peak_rss_bytes,gen_settings_peak_rss_delta_bytes,calibrate_settings_sec,calibrate_settings_baseline_rss_bytes,calibrate_settings_peak_rss_bytes,calibrate_settings_peak_rss_delta_bytes,compile_circuit_sec,compile_circuit_baseline_rss_bytes,compile_circuit_peak_rss_bytes,compile_circuit_peak_rss_delta_bytes,gen_srs_sec,gen_srs_baseline_rss_bytes,gen_srs_peak_rss_bytes,gen_srs_peak_rss_delta_bytes,setup_sec,setup_baseline_rss_bytes,setup_peak_rss_bytes,setup_peak_rss_delta_bytes,gen_witness_sec,gen_witness_baseline_rss_bytes,gen_witness_peak_rss_bytes,gen_witness_peak_rss_delta_bytes,prove_sec,prove_baseline_rss_bytes,prove_peak_rss_bytes,prove_peak_rss_delta_bytes,verify_sec,verify_baseline_rss_bytes,verify_peak_rss_bytes,verify_peak_rss_delta_bytes,onnx_size_bytes,compiled_size_bytes,proof_size_bytes,vk_size_bytes,pk_size_bytes,srs_size_bytes
ezkl_kzg,linear,42,True,covertype_synthetic_update,linear_seed_42,0,385,True,True,True,True,4.0,0.0,0,0,12,3468,6936,11.920793,277143552,436465664,159322112,945,151,13356,12411,13.133333,9.370749,277544960,417411072,139866112,0.059639,417452032,424558592,7106560,0.934221,424554496,436088832,11534336,0.025269,436084736,436117504,32768,0.461401,436097024,436359168,262144,0.426482,436355072,436465664,110592,0.029108,429453312,431861760,2408448,0.559722,431841280,433659904,1818624,0.050144,433655808,434708480,1052672,7684,38549,12260,8199,14164203,524548
ezkl_kzg,linear,52,True,covertype_synthetic_update,linear_seed_52,0,385,True,True,True,True,4.0,0.0,0,0,12,3468,6936,4.259735,434700288,440926208,6225920,979,151,13376,12397,12.662921,1.925699,434704384,435822592,1118208,0.07227,435781632,436670464,888832,0.851634,436666368,440926208,4259840,0.020511,440905728,440905728,0,0.405682,440881152,440909824,28672,0.451709,440905728,440905728,0,0.020103,432734208,435036160,2301952,0.467184,435032064,435032064,0,0.040796,434581504,435384320,802816,7684,38549,12246,8199,14164203,524548
ezkl_kzg,linear,62,True,covertype_synthetic_update,linear_seed_62,0,385,True,True,True,True,4.0,0.0,0,0,12,3468,6936,4.281451,435376128,440926208,5550080,938,151,13388,12450,13.272921,1.774283,435376128,436056064,679936,0.071053,436035584,437198848,1163264,0.916374,437194752,440926208,3731456,0.018385,440905728,440909824,4096,0.449204,440889344,440926208,36864,0.416359,440922112,440922112,0,0.019966,434778112,437112832,2334720,0.564269,437108736,437108736,0,0.047076,435879936,436400128,520192,7684,38549,12299,8199,14164203,524548
ezkl_kzg,mlp_16,42,True,covertype_synthetic_update,mlp_16_seed_42,0,999,True,True,True,True,4.0,0.0,0,0,14,8994,17988,8.580825,436441088,458797056,22355968,2401,151,14850,12449,5.184923,1.777817,436465664,437215232,749568,0.067251,437194752,440713216,3518464,2.04845,440709120,458797056,18087936,0.026259,432132096,432373760,241664,1.658934,432353280,432373760,20480,1.464664,432369664,432676864,307200,0.047036,432672768,438358016,5685248,1.428624,438353920,438353920,0,0.055005,435347456,436416512,1069056,7688,97493,12298,29703,56653035,2097412
ezkl_kzg,mlp_16,52,True,covertype_synthetic_update,mlp_16_seed_52,0,999,True,True,True,True,4.0,0.0,0,0,14,8994,17988,8.189187,436469760,459968512,23498752,2445,151,14885,12440,5.087935,1.68599,436477952,437399552,921600,0.048396,437379072,441434112,4055040,1.779643,441430016,459968512,18538496,0.029712,432627712,432865280,237568,1.619851,432844800,432865280,20480,1.373906,432861184,432861184,0,0.075118,432484352,438415360,5931008,1.516127,438411264,439169024,757760,0.055772,439164928,440209408,1044480,7688,97493,12289,29703,56653035,2097412
ezkl_kzg,mlp_16,62,True,covertype_synthetic_update,mlp_16_seed_62,0,999,True,True,True,True,4.0,0.0,0,0,14,8994,17988,8.544433,440270848,463327232,23056384,2445,151,14866,12421,5.080164,1.67175,440279040,441237504,958464,0.0643,441217024,445140992,3923968,2.098294,445136896,463327232,18190336,0.032017,432893952,433147904,253952,1.530771,433127424,433147904,20480,1.392207,433143808,433348608,204800,0.069237,433344512,440090624,6746112,1.628681,440086528,443899904,3813376,0.051779,443895808,444948480,1052672,7688,97493,12270,29703,56653035,2097412
ezkl_kzg,mlp_32,42,True,covertype_synthetic_update,mlp_32_seed_42,0,1991,True,True,True,True,4.0,0.0,0,0,15,17922,35844,13.131567,445173760,494571520,49397760,4789,152,17231,12442,2.598037,1.936988,445210624,445771776,561152,0.083466,445751296,452530176,6778880,3.547197,452526080,494571520,42045440,0.023715,444727296,444874752,147456,3.142784,444854272,444874752,20480,2.364879,444870656,444870656,0,0.113693,441249792,451350528,10100736,1.858094,451346432,456175616,4829184,0.054043,456171520,456171520,0,7692,192725,12290,58375,113304811,4194564
ezkl_kzg,mlp_32,52,True,covertype_synthetic_update,mlp_32_seed_52,0,1991,True,True,True,True,4.0,0.0,0,0,15,17922,35844,8.273995,456032256,493817856,37785600,4849,152,17273,12424,2.562178,0.947653,456052736,456146944,94208,0.059666,456126464,456171520,45056,1.667566,456167424,493817856,37650432,0.021962,447963136,448266240,303104,2.444969,448245760,448266240,20480,1.46631,448262144,448262144,0,0.044363,444076032,455245824,11169792,1.563736,455225344,458682368,3457024,0.053387,458678272,458702848,24576,7692,192725,12272,58375,113304811,4194564
ezkl_kzg,mlp_32,62,True,covertype_synthetic_update,mlp_32_seed_62,0,1991,True,True,True,True,4.0,0.0,0,0,15,17922,35844,7.822845,458772480,494170112,35397632,4842,152,17277,12435,2.568154,0.968571,458792960,459132928,339968,0.058443,459112448,459595776,483328,1.647773,459591680,494170112,34578432,0.021816,447651840,447930368,278528,2.008713,447909888,447930368,20480,1.472567,447926272,449474560,1548288,0.047039,449470464,459522048,10051584,1.552198,459517952,462811136,3293184,0.042315,462807040,462827520,20480,7692,192725,12283,58375,113304811,4194564
