dataset,mode,seed,clients,rounds,samples,input_dim,num_classes,test_size,initial_accuracy,final_accuracy,best_accuracy,mean_round_loss,profile,noise_multiplier,conditional_replace_epsilon,current_public_seed_epsilon
iris,fl,42,3,10,150,4,3,30,0.366667,0.8,0.833333,0.615619,fl_baseline,0.0,inf,inf
iris,dp,42,3,10,150,4,3,30,0.366667,0.833333,0.833333,0.614483,current_utility_setting,0.08,3504.356782,inf
iris,dp,42,3,10,150,4,3,30,0.366667,0.8,0.8,0.826754,conditional_target_eps_128,0.531227882,128.0,inf
iris,dp,42,3,10,150,4,3,30,0.366667,0.4,0.666667,2.048789,conditional_target_eps_32,1.396075485,32.0,inf
iris,dp,42,3,10,150,4,3,30,0.366667,0.333333,0.666667,7.385499,conditional_target_eps_8,4.366154116,8.0,inf
iris,fl,52,3,10,150,4,3,30,0.1,0.933333,0.933333,0.789282,fl_baseline,0.0,inf,inf
iris,dp,52,3,10,150,4,3,30,0.1,0.933333,0.933333,0.808385,current_utility_setting,0.08,3504.356782,inf
iris,dp,52,3,10,150,4,3,30,0.1,0.7,0.766667,1.029866,conditional_target_eps_128,0.531227882,128.0,inf
iris,dp,52,3,10,150,4,3,30,0.1,0.266667,0.566667,1.99649,conditional_target_eps_32,1.396075485,32.0,inf
iris,dp,52,3,10,150,4,3,30,0.1,0.1,0.333333,6.939492,conditional_target_eps_8,4.366154116,8.0,inf
iris,fl,62,3,10,150,4,3,30,0.433333,0.866667,0.866667,0.60207,fl_baseline,0.0,inf,inf
iris,dp,62,3,10,150,4,3,30,0.433333,0.833333,0.833333,0.578355,current_utility_setting,0.08,3504.356782,inf
iris,dp,62,3,10,150,4,3,30,0.433333,0.533333,0.833333,0.64598,conditional_target_eps_128,0.531227882,128.0,inf
iris,dp,62,3,10,150,4,3,30,0.433333,0.633333,0.833333,1.462705,conditional_target_eps_32,1.396075485,32.0,inf
iris,dp,62,3,10,150,4,3,30,0.433333,0.566667,0.733333,5.310728,conditional_target_eps_8,4.366154116,8.0,inf
wine,fl,42,3,10,178,13,3,36,0.333333,0.972222,1.0,0.322737,fl_baseline,0.0,inf,inf
wine,dp,42,3,10,178,13,3,36,0.333333,1.0,1.0,0.318611,current_utility_setting,0.08,3504.356782,inf
wine,dp,42,3,10,178,13,3,36,0.333333,0.888889,0.888889,0.599953,conditional_target_eps_128,0.531227882,128.0,inf
wine,dp,42,3,10,178,13,3,36,0.333333,0.555556,0.694444,2.284654,conditional_target_eps_32,1.396075485,32.0,inf
wine,dp,42,3,10,178,13,3,36,0.333333,0.5,0.666667,9.619466,conditional_target_eps_8,4.366154116,8.0,inf
wine,fl,52,3,10,178,13,3,36,0.555556,0.944444,0.944444,0.285916,fl_baseline,0.0,inf,inf
wine,dp,52,3,10,178,13,3,36,0.555556,0.944444,0.944444,0.279965,current_utility_setting,0.08,3504.356782,inf
wine,dp,52,3,10,178,13,3,36,0.555556,0.944444,0.944444,0.424785,conditional_target_eps_128,0.531227882,128.0,inf
wine,dp,52,3,10,178,13,3,36,0.555556,0.916667,0.916667,1.286765,conditional_target_eps_32,1.396075485,32.0,inf
wine,dp,52,3,10,178,13,3,36,0.555556,0.611111,0.694444,5.559422,conditional_target_eps_8,4.366154116,8.0,inf
wine,fl,62,3,10,178,13,3,36,0.277778,1.0,1.0,0.353594,fl_baseline,0.0,inf,inf
wine,dp,62,3,10,178,13,3,36,0.277778,1.0,1.0,0.365423,current_utility_setting,0.08,3504.356782,inf
wine,dp,62,3,10,178,13,3,36,0.277778,0.722222,0.722222,1.108933,conditional_target_eps_128,0.531227882,128.0,inf
wine,dp,62,3,10,178,13,3,36,0.277778,0.305556,0.333333,5.270582,conditional_target_eps_32,1.396075485,32.0,inf
wine,dp,62,3,10,178,13,3,36,0.277778,0.222222,0.277778,22.342855,conditional_target_eps_8,4.366154116,8.0,inf
digits,fl,42,3,10,1797,64,10,360,0.063889,0.969444,0.969444,0.142964,fl_baseline,0.0,inf,inf
digits,dp,42,3,10,1797,64,10,360,0.063889,0.95,0.95,0.296152,current_utility_setting,0.08,3504.356782,inf
digits,dp,42,3,10,1797,64,10,360,0.063889,0.505556,0.505556,1.588256,conditional_target_eps_128,0.531227882,128.0,inf
digits,dp,42,3,10,1797,64,10,360,0.063889,0.236111,0.236111,10.346719,conditional_target_eps_32,1.396075485,32.0,inf
digits,dp,42,3,10,1797,64,10,360,0.063889,0.166667,0.166667,50.16242,conditional_target_eps_8,4.366154116,8.0,inf
digits,fl,52,3,10,1797,64,10,360,0.119444,0.955556,0.958333,0.137248,fl_baseline,0.0,inf,inf
digits,dp,52,3,10,1797,64,10,360,0.119444,0.952778,0.958333,0.275531,current_utility_setting,0.08,3504.356782,inf
digits,dp,52,3,10,1797,64,10,360,0.119444,0.561111,0.561111,1.371585,conditional_target_eps_128,0.531227882,128.0,inf
digits,dp,52,3,10,1797,64,10,360,0.119444,0.263889,0.263889,8.498787,conditional_target_eps_32,1.396075485,32.0,inf
digits,dp,52,3,10,1797,64,10,360,0.119444,0.169444,0.183333,40.912631,conditional_target_eps_8,4.366154116,8.0,inf
digits,fl,62,3,10,1797,64,10,360,0.055556,0.958333,0.969444,0.141865,fl_baseline,0.0,inf,inf
digits,dp,62,3,10,1797,64,10,360,0.055556,0.936111,0.938889,0.295097,current_utility_setting,0.08,3504.356782,inf
digits,dp,62,3,10,1797,64,10,360,0.055556,0.480556,0.480556,1.823456,conditional_target_eps_128,0.531227882,128.0,inf
digits,dp,62,3,10,1797,64,10,360,0.055556,0.227778,0.227778,12.369547,conditional_target_eps_32,1.396075485,32.0,inf
digits,dp,62,3,10,1797,64,10,360,0.055556,0.158333,0.158333,57.927993,conditional_target_eps_8,4.366154116,8.0,inf
