seed,aggregator,condition,clients,attackers,rounds,train_size,test_size,partition,label_tv_mean,initial_accuracy,final_accuracy,best_accuracy,round_accuracies,attacker_acceptance_rate,training_sec
42,mean,clean,10,2,5,50000,20000,dirichlet_0.5,0.370686,0.12395,0.5878,0.5878,"[0.12395, 0.2504, 0.3904, 0.47835, 0.5512, 0.5878]",0.0,9.793949
42,mean,bounded_poisoning,10,2,5,50000,20000,dirichlet_0.5,0.370686,0.12395,0.25785,0.25785,"[0.12395, 0.13655, 0.16425, 0.192, 0.23525, 0.25785]",1.0,6.352061
42,coordinate_median,clean,10,2,5,50000,20000,dirichlet_0.5,0.370686,0.12395,0.5872,0.5872,"[0.12395, 0.26365, 0.399, 0.4915, 0.55745, 0.5872]",0.0,6.46954
42,coordinate_median,bounded_poisoning,10,2,5,50000,20000,dirichlet_0.5,0.370686,0.12395,0.3632,0.3632,"[0.12395, 0.1768, 0.2384, 0.2861, 0.318, 0.3632]",1.0,6.537997
42,trimmed_mean,clean,10,2,5,50000,20000,dirichlet_0.5,0.370686,0.12395,0.596,0.596,"[0.12395, 0.2543, 0.4019, 0.4875, 0.5592, 0.596]",0.0,6.49701
42,trimmed_mean,bounded_poisoning,10,2,5,50000,20000,dirichlet_0.5,0.370686,0.12395,0.3369,0.3369,"[0.12395, 0.1598, 0.22135, 0.2657, 0.30105, 0.3369]",1.0,6.666614
52,mean,clean,10,2,5,50000,20000,dirichlet_0.5,0.344186,0.10635,0.58915,0.58915,"[0.10635, 0.2346, 0.34885, 0.4611, 0.53635, 0.58915]",0.0,6.55565
52,mean,bounded_poisoning,10,2,5,50000,20000,dirichlet_0.5,0.344186,0.10635,0.20415,0.20415,"[0.10635, 0.1327, 0.15615, 0.17065, 0.18925, 0.20415]",1.0,6.519372
52,coordinate_median,clean,10,2,5,50000,20000,dirichlet_0.5,0.344186,0.10635,0.58825,0.58825,"[0.10635, 0.2269, 0.3533, 0.46785, 0.5449, 0.58825]",0.0,6.411744
52,coordinate_median,bounded_poisoning,10,2,5,50000,20000,dirichlet_0.5,0.344186,0.10635,0.39565,0.39565,"[0.10635, 0.14705, 0.18815, 0.25005, 0.32055, 0.39565]",1.0,6.468249
52,trimmed_mean,clean,10,2,5,50000,20000,dirichlet_0.5,0.344186,0.10635,0.5919,0.5919,"[0.10635, 0.2344, 0.35235, 0.463, 0.54555, 0.5919]",0.0,6.6141
52,trimmed_mean,bounded_poisoning,10,2,5,50000,20000,dirichlet_0.5,0.344186,0.10635,0.34895,0.34895,"[0.10635, 0.14605, 0.18465, 0.22795, 0.2904, 0.34895]",1.0,6.6791
62,mean,clean,10,2,5,50000,20000,dirichlet_0.5,0.334404,0.1114,0.6149,0.6149,"[0.1114, 0.23615, 0.3934, 0.49405, 0.56735, 0.6149]",0.0,6.826468
62,mean,bounded_poisoning,10,2,5,50000,20000,dirichlet_0.5,0.334404,0.1114,0.21385,0.21385,"[0.1114, 0.11385, 0.1258, 0.15155, 0.18135, 0.21385]",1.0,6.658968
62,coordinate_median,clean,10,2,5,50000,20000,dirichlet_0.5,0.334404,0.1114,0.59305,0.59305,"[0.1114, 0.2147, 0.3769, 0.4673, 0.54565, 0.59305]",0.0,6.641932
62,coordinate_median,bounded_poisoning,10,2,5,50000,20000,dirichlet_0.5,0.334404,0.1114,0.29265,0.29265,"[0.1114, 0.1225, 0.1534, 0.20085, 0.25095, 0.29265]",1.0,6.557414
62,trimmed_mean,clean,10,2,5,50000,20000,dirichlet_0.5,0.334404,0.1114,0.6021,0.6021,"[0.1114, 0.2241, 0.391, 0.48765, 0.5597, 0.6021]",0.0,6.646898
62,trimmed_mean,bounded_poisoning,10,2,5,50000,20000,dirichlet_0.5,0.334404,0.1114,0.2968,0.2968,"[0.1114, 0.12785, 0.15925, 0.1998, 0.25235, 0.2968]",1.0,6.918493
72,mean,clean,10,2,5,50000,20000,dirichlet_0.5,0.355981,0.1677,0.61,0.61,"[0.1677, 0.31215, 0.4434, 0.5304, 0.5786, 0.61]",0.0,6.528615
72,mean,bounded_poisoning,10,2,5,50000,20000,dirichlet_0.5,0.355981,0.1677,0.29145,0.29145,"[0.1677, 0.19405, 0.20005, 0.23005, 0.2541, 0.29145]",1.0,6.680357
72,coordinate_median,clean,10,2,5,50000,20000,dirichlet_0.5,0.355981,0.1677,0.6062,0.6062,"[0.1677, 0.306, 0.4232, 0.52215, 0.5781, 0.6062]",0.0,6.600439
72,coordinate_median,bounded_poisoning,10,2,5,50000,20000,dirichlet_0.5,0.355981,0.1677,0.4189,0.4189,"[0.1677, 0.2185, 0.2493, 0.3185, 0.37555, 0.4189]",1.0,6.489272
72,trimmed_mean,clean,10,2,5,50000,20000,dirichlet_0.5,0.355981,0.1677,0.6109,0.6109,"[0.1677, 0.30775, 0.43005, 0.52735, 0.58005, 0.6109]",0.0,6.415535
72,trimmed_mean,bounded_poisoning,10,2,5,50000,20000,dirichlet_0.5,0.355981,0.1677,0.39395,0.39395,"[0.1677, 0.2114, 0.2369, 0.29475, 0.35585, 0.39395]",1.0,6.583449
82,mean,clean,10,2,5,50000,20000,dirichlet_0.5,0.401045,0.1656,0.5919,0.5919,"[0.1656, 0.2954, 0.39155, 0.477, 0.54845, 0.5919]",0.0,6.700033
82,mean,bounded_poisoning,10,2,5,50000,20000,dirichlet_0.5,0.401045,0.1656,0.19985,0.19985,"[0.1656, 0.1757, 0.19095, 0.1965, 0.19845, 0.19985]",1.0,6.695199
82,coordinate_median,clean,10,2,5,50000,20000,dirichlet_0.5,0.401045,0.1656,0.57785,0.57785,"[0.1656, 0.31355, 0.38945, 0.47065, 0.5245, 0.57785]",0.0,6.524005
82,coordinate_median,bounded_poisoning,10,2,5,50000,20000,dirichlet_0.5,0.401045,0.1656,0.26975,0.26975,"[0.1656, 0.20355, 0.24545, 0.26205, 0.25735, 0.26975]",1.0,6.295301
82,trimmed_mean,clean,10,2,5,50000,20000,dirichlet_0.5,0.401045,0.1656,0.5855,0.5855,"[0.1656, 0.30165, 0.38775, 0.4737, 0.5337, 0.5855]",0.0,6.146835
82,trimmed_mean,bounded_poisoning,10,2,5,50000,20000,dirichlet_0.5,0.401045,0.1656,0.28375,0.28375,"[0.1656, 0.1918, 0.2351, 0.25035, 0.26195, 0.28375]",1.0,6.471153
92,mean,clean,10,2,5,50000,20000,dirichlet_0.5,0.372567,0.1194,0.617,0.617,"[0.1194, 0.2111, 0.36875, 0.50785, 0.6001, 0.617]",0.0,6.12146
92,mean,bounded_poisoning,10,2,5,50000,20000,dirichlet_0.5,0.372567,0.1194,0.2396,0.2396,"[0.1194, 0.1294, 0.1539, 0.16245, 0.2058, 0.2396]",1.0,6.338792
92,coordinate_median,clean,10,2,5,50000,20000,dirichlet_0.5,0.372567,0.1194,0.6115,0.6115,"[0.1194, 0.2105, 0.36555, 0.50675, 0.59495, 0.6115]",0.0,6.482069
92,coordinate_median,bounded_poisoning,10,2,5,50000,20000,dirichlet_0.5,0.372567,0.1194,0.38915,0.38915,"[0.1194, 0.14535, 0.19055, 0.2496, 0.31805, 0.38915]",1.0,6.57713
92,trimmed_mean,clean,10,2,5,50000,20000,dirichlet_0.5,0.372567,0.1194,0.62195,0.62195,"[0.1194, 0.21445, 0.3735, 0.51115, 0.60185, 0.62195]",0.0,6.314031
92,trimmed_mean,bounded_poisoning,10,2,5,50000,20000,dirichlet_0.5,0.372567,0.1194,0.35765,0.35765,"[0.1194, 0.1441, 0.1872, 0.2274, 0.3024, 0.35765]",1.0,6.327171
102,mean,clean,10,2,5,50000,20000,dirichlet_0.5,0.340817,0.10045,0.5903,0.5903,"[0.10045, 0.2079, 0.35505, 0.48165, 0.54535, 0.5903]",0.0,6.579613
102,mean,bounded_poisoning,10,2,5,50000,20000,dirichlet_0.5,0.340817,0.10045,0.16725,0.16725,"[0.10045, 0.10255, 0.1189, 0.1401, 0.1599, 0.16725]",1.0,6.275959
102,coordinate_median,clean,10,2,5,50000,20000,dirichlet_0.5,0.340817,0.10045,0.59085,0.59085,"[0.10045, 0.1976, 0.355, 0.4805, 0.55165, 0.59085]",0.0,6.202501
102,coordinate_median,bounded_poisoning,10,2,5,50000,20000,dirichlet_0.5,0.340817,0.10045,0.28035,0.28035,"[0.10045, 0.1178, 0.1623, 0.21585, 0.26945, 0.28035]",1.0,6.258428
102,trimmed_mean,clean,10,2,5,50000,20000,dirichlet_0.5,0.340817,0.10045,0.5903,0.5903,"[0.10045, 0.2097, 0.35315, 0.48, 0.54795, 0.5903]",0.0,6.258335
102,trimmed_mean,bounded_poisoning,10,2,5,50000,20000,dirichlet_0.5,0.340817,0.10045,0.26405,0.26405,"[0.10045, 0.1146, 0.15145, 0.2017, 0.24145, 0.26405]",1.0,6.297248
112,mean,clean,10,2,5,50000,20000,dirichlet_0.5,0.309065,0.16855,0.62285,0.62285,"[0.16855, 0.2981, 0.41785, 0.5341, 0.5945, 0.62285]",0.0,6.212802
112,mean,bounded_poisoning,10,2,5,50000,20000,dirichlet_0.5,0.309065,0.16855,0.2536,0.2536,"[0.16855, 0.18095, 0.2011, 0.2253, 0.2401, 0.2536]",1.0,6.113826
112,coordinate_median,clean,10,2,5,50000,20000,dirichlet_0.5,0.309065,0.16855,0.6085,0.6085,"[0.16855, 0.292, 0.4092, 0.51245, 0.5699, 0.6085]",0.0,6.212206
112,coordinate_median,bounded_poisoning,10,2,5,50000,20000,dirichlet_0.5,0.309065,0.16855,0.34745,0.34745,"[0.16855, 0.2069, 0.2497, 0.2858, 0.32365, 0.34745]",1.0,6.236716
112,trimmed_mean,clean,10,2,5,50000,20000,dirichlet_0.5,0.309065,0.16855,0.6164,0.6164,"[0.16855, 0.289, 0.40925, 0.5226, 0.58105, 0.6164]",0.0,6.223311
112,trimmed_mean,bounded_poisoning,10,2,5,50000,20000,dirichlet_0.5,0.309065,0.16855,0.31485,0.31485,"[0.16855, 0.1963, 0.23295, 0.27055, 0.2951, 0.31485]",1.0,6.338821
122,mean,clean,10,2,5,50000,20000,dirichlet_0.5,0.285949,0.08975,0.59135,0.59135,"[0.08975, 0.24565, 0.32505, 0.4378, 0.52715, 0.59135]",0.0,6.210156
122,mean,bounded_poisoning,10,2,5,50000,20000,dirichlet_0.5,0.285949,0.08975,0.22695,0.22695,"[0.08975, 0.1117, 0.1421, 0.18075, 0.2026, 0.22695]",1.0,6.230814
122,coordinate_median,clean,10,2,5,50000,20000,dirichlet_0.5,0.285949,0.08975,0.57325,0.57325,"[0.08975, 0.2428, 0.30915, 0.42355, 0.49445, 0.57325]",0.0,6.222374
122,coordinate_median,bounded_poisoning,10,2,5,50000,20000,dirichlet_0.5,0.285949,0.08975,0.323,0.323,"[0.08975, 0.1356, 0.17425, 0.23795, 0.27195, 0.323]",1.0,6.394651
122,trimmed_mean,clean,10,2,5,50000,20000,dirichlet_0.5,0.285949,0.08975,0.57845,0.57845,"[0.08975, 0.2447, 0.3124, 0.42675, 0.50455, 0.57845]",0.0,6.389078
122,trimmed_mean,bounded_poisoning,10,2,5,50000,20000,dirichlet_0.5,0.285949,0.08975,0.2759,0.2759,"[0.08975, 0.134, 0.1717, 0.2239, 0.252, 0.2759]",1.0,6.245998
132,mean,clean,10,2,5,50000,20000,dirichlet_0.5,0.289941,0.11755,0.5969,0.5969,"[0.11755, 0.2663, 0.37295, 0.46375, 0.55255, 0.5969]",0.0,6.380901
132,mean,bounded_poisoning,10,2,5,50000,20000,dirichlet_0.5,0.289941,0.11755,0.2723,0.2723,"[0.11755, 0.14825, 0.18155, 0.21635, 0.24035, 0.2723]",1.0,6.326281
132,coordinate_median,clean,10,2,5,50000,20000,dirichlet_0.5,0.289941,0.11755,0.5741,0.5741,"[0.11755, 0.2613, 0.36675, 0.4525, 0.53295, 0.5741]",0.0,6.39183
132,coordinate_median,bounded_poisoning,10,2,5,50000,20000,dirichlet_0.5,0.289941,0.11755,0.38295,0.38295,"[0.11755, 0.1947, 0.24335, 0.28355, 0.3407, 0.38295]",1.0,6.464135
132,trimmed_mean,clean,10,2,5,50000,20000,dirichlet_0.5,0.289941,0.11755,0.58655,0.58655,"[0.11755, 0.2671, 0.3711, 0.45865, 0.5472, 0.58655]",0.0,6.095191
132,trimmed_mean,bounded_poisoning,10,2,5,50000,20000,dirichlet_0.5,0.289941,0.11755,0.3642,0.3642,"[0.11755, 0.17935, 0.2335, 0.27085, 0.31615, 0.3642]",1.0,6.368613
