path,bytes,sha256
covertype_large_dataset_scaling/results/covertype_scaling_runs.csv,7905,f35058b630eaf64b94a650d303766e4327aa75eacb67db717a0e08295c21c7c9
covertype_large_dataset_scaling/results/covertype_scaling_summary.csv,1091,39583f5beff976a219071f5059f804ec0d88c6b276fbb495ab5bf1da1b90c13b
noniid_client_scaling/results/noniid_client_runs.csv,23830,c86de6fea372999a7f1099df5f28eb7e0f90fdeddf5fa9a56969f1cdc0277021
noniid_client_scaling/results/noniid_client_summary.csv,1599,ee67ee1b622a88641febcceeaf39a6f86235db55b25a2e6c90582fac1d4cd292
multiround_threat_matrix/results/threat_trajectories.csv,8503,2cf013fb4e4cc6c6b8bd02772a6f3ce6d2f552c539a3c466574e831dd6c5a9e4
multiround_threat_matrix/results/threat_decisions.csv,197649,c54cdcdc69179e4762482db2d7584b38fc5771e089b230ad0b7b440368fc0cdd
multiround_threat_matrix/results/threat_summary.csv,1329,9df779f43626c27e3bfe54ddc04a2db5bde978f8a8f3659eb8f8dc3a0d00f1b3
context_bound_randomness_protocol/results/reference_threat_results.csv,898,088543d893d3dfaba2bbb3567314f711c3bbb6c3e8d7c68d747ea58995b0f601
covertype_large_dataset_scaling/run_covertype_scaling.py,28321,e5891b3ab7984381334b42106b19a49d02ba162514ad376bc9b329d6dd77ba65
noniid_client_scaling/run_noniid_client_scaling.py,22859,35e29ca2796f58ec8f345540180264904996ea94f6e2840a5c464f246d5cb043
multiround_threat_matrix/run_multiround_threat_matrix.py,22121,2e9dcb65240c1fd29620741c78e48481ead813c9b4818d012d3e381c390282a4
context_bound_randomness_protocol/context_bound_randomness.py,13138,b0011b35ccb33cb9371eb5850e9238e9a478e833248e8b5a5768a4915a1cb459
context_bound_randomness_protocol/run_reference_threats.py,7181,c5be9412e151eee4e3d461a8ac9dfdc966885bac0d490064f3e74c890e1b0537
