seed,attack,policy,clients,attackers,attacker_ids,partition,train_size,rounds,initial_accuracy,final_accuracy,best_accuracy,round_accuracies,accepted_updates,total_updates,attacker_updates_accepted,attacker_updates_total,attacker_acceptance_rate,training_sec,label_tv_mean
42,none,current_vdp_gate,10,2,"[8, 4]",dirichlet_0.1,100000,3,0.126193,0.546303,0.546303,"[0.126193, 0.341549, 0.465539, 0.546303]",30,30,0,0,0.0,20.526263,0.636008
42,relation_tamper,ungated,10,2,"[8, 4]",dirichlet_0.1,100000,3,0.126193,0.584933,0.584933,"[0.126193, 0.389, 0.503937, 0.584933]",30,30,6,6,1.0,11.899601,0.636008
42,relation_tamper,current_vdp_gate,10,2,"[8, 4]",dirichlet_0.1,100000,3,0.126193,0.439464,0.439464,"[0.126193, 0.24958, 0.336566, 0.439464]",24,30,0,6,0.0,12.071502,0.636008
42,relation_tamper,strengthened_vdp_gate,10,2,"[8, 4]",dirichlet_0.1,100000,3,0.126193,0.439464,0.439464,"[0.126193, 0.24958, 0.336566, 0.439464]",24,30,0,6,0.0,12.019668,0.636008
42,clip_bypass,ungated,10,2,"[8, 4]",dirichlet_0.1,100000,3,0.126193,0.588436,0.588436,"[0.126193, 0.452596, 0.549659, 0.588436]",30,30,6,6,1.0,11.808693,0.636008
42,clip_bypass,current_vdp_gate,10,2,"[8, 4]",dirichlet_0.1,100000,3,0.126193,0.439464,0.439464,"[0.126193, 0.24958, 0.336566, 0.439464]",24,30,0,6,0.0,12.022513,0.636008
42,clip_bypass,strengthened_vdp_gate,10,2,"[8, 4]",dirichlet_0.1,100000,3,0.126193,0.439464,0.439464,"[0.126193, 0.24958, 0.336566, 0.439464]",24,30,0,6,0.0,12.057741,0.636008
42,replay,ungated,10,2,"[8, 4]",dirichlet_0.1,100000,3,0.126193,0.546776,0.546776,"[0.126193, 0.341549, 0.433638, 0.546776]",30,30,4,4,1.0,11.883865,0.636008
42,replay,current_vdp_gate,10,2,"[8, 4]",dirichlet_0.1,100000,3,0.126193,0.546776,0.546776,"[0.126193, 0.341549, 0.433638, 0.546776]",30,30,4,4,1.0,11.855739,0.636008
42,replay,strengthened_vdp_gate,10,2,"[8, 4]",dirichlet_0.1,100000,3,0.126193,0.480435,0.480435,"[0.126193, 0.341549, 0.38104, 0.480435]",26,30,0,4,0.0,12.088817,0.636008
42,zero_noise,ungated,10,2,"[8, 4]",dirichlet_0.1,100000,3,0.126193,0.573462,0.573462,"[0.126193, 0.355748, 0.500633, 0.573462]",30,30,6,6,1.0,11.86461,0.636008
42,zero_noise,current_vdp_gate,10,2,"[8, 4]",dirichlet_0.1,100000,3,0.126193,0.573462,0.573462,"[0.126193, 0.355748, 0.500633, 0.573462]",30,30,6,6,1.0,11.941642,0.636008
42,zero_noise,strengthened_vdp_gate,10,2,"[8, 4]",dirichlet_0.1,100000,3,0.126193,0.439464,0.439464,"[0.126193, 0.24958, 0.336566, 0.439464]",24,30,0,6,0.0,12.063265,0.636008
42,bounded_sign_flip,ungated,10,2,"[8, 4]",dirichlet_0.1,100000,3,0.126193,0.115014,0.126193,"[0.126193, 0.113999, 0.107364, 0.115014]",30,30,6,6,1.0,12.052228,0.636008
42,bounded_sign_flip,current_vdp_gate,10,2,"[8, 4]",dirichlet_0.1,100000,3,0.126193,0.115014,0.126193,"[0.126193, 0.113999, 0.107364, 0.115014]",30,30,6,6,1.0,11.989636,0.636008
42,bounded_sign_flip,strengthened_vdp_gate,10,2,"[8, 4]",dirichlet_0.1,100000,3,0.126193,0.115014,0.126193,"[0.126193, 0.113999, 0.107364, 0.115014]",30,30,6,6,1.0,11.929376,0.636008
52,none,current_vdp_gate,10,2,"[0, 8]",dirichlet_0.1,100000,3,0.104748,0.455496,0.455496,"[0.104748, 0.272721, 0.38715, 0.455496]",30,30,0,0,0.0,11.987974,0.718353
52,relation_tamper,ungated,10,2,"[0, 8]",dirichlet_0.1,100000,3,0.104748,0.531974,0.531974,"[0.104748, 0.316136, 0.463448, 0.531974]",30,30,6,6,1.0,12.020074,0.718353
52,relation_tamper,current_vdp_gate,10,2,"[0, 8]",dirichlet_0.1,100000,3,0.104748,0.149549,0.15034,"[0.104748, 0.126993, 0.15034, 0.149549]",24,30,0,6,0.0,11.936249,0.718353
52,relation_tamper,strengthened_vdp_gate,10,2,"[0, 8]",dirichlet_0.1,100000,3,0.104748,0.149549,0.15034,"[0.104748, 0.126993, 0.15034, 0.149549]",24,30,0,6,0.0,12.196985,0.718353
52,clip_bypass,ungated,10,2,"[0, 8]",dirichlet_0.1,100000,3,0.104748,0.607721,0.607721,"[0.104748, 0.440204, 0.58119, 0.607721]",30,30,6,6,1.0,11.848122,0.718353
52,clip_bypass,current_vdp_gate,10,2,"[0, 8]",dirichlet_0.1,100000,3,0.104748,0.149549,0.15034,"[0.104748, 0.126993, 0.15034, 0.149549]",24,30,0,6,0.0,12.257468,0.718353
52,clip_bypass,strengthened_vdp_gate,10,2,"[0, 8]",dirichlet_0.1,100000,3,0.104748,0.149549,0.15034,"[0.104748, 0.126993, 0.15034, 0.149549]",24,30,0,6,0.0,11.949217,0.718353
52,replay,ungated,10,2,"[0, 8]",dirichlet_0.1,100000,3,0.104748,0.450754,0.450754,"[0.104748, 0.272721, 0.36129, 0.450754]",30,30,4,4,1.0,12.18694,0.718353
52,replay,current_vdp_gate,10,2,"[0, 8]",dirichlet_0.1,100000,3,0.104748,0.450754,0.450754,"[0.104748, 0.272721, 0.36129, 0.450754]",30,30,4,4,1.0,11.949879,0.718353
52,replay,strengthened_vdp_gate,10,2,"[0, 8]",dirichlet_0.1,100000,3,0.104748,0.252722,0.281473,"[0.104748, 0.272721, 0.281473, 0.252722]",26,30,0,4,0.0,12.325347,0.718353
52,zero_noise,ungated,10,2,"[0, 8]",dirichlet_0.1,100000,3,0.104748,0.595656,0.595656,"[0.104748, 0.264442, 0.504238, 0.595656]",30,30,6,6,1.0,12.043116,0.718353
52,zero_noise,current_vdp_gate,10,2,"[0, 8]",dirichlet_0.1,100000,3,0.104748,0.595656,0.595656,"[0.104748, 0.264442, 0.504238, 0.595656]",30,30,6,6,1.0,12.328082,0.718353
52,zero_noise,strengthened_vdp_gate,10,2,"[0, 8]",dirichlet_0.1,100000,3,0.104748,0.149549,0.15034,"[0.104748, 0.126993, 0.15034, 0.149549]",24,30,0,6,0.0,12.020713,0.718353
52,bounded_sign_flip,ungated,10,2,"[0, 8]",dirichlet_0.1,100000,3,0.104748,0.040257,0.104748,"[0.104748, 0.067201, 0.056023, 0.040257]",30,30,6,6,1.0,12.289842,0.718353
52,bounded_sign_flip,current_vdp_gate,10,2,"[0, 8]",dirichlet_0.1,100000,3,0.104748,0.040257,0.104748,"[0.104748, 0.067201, 0.056023, 0.040257]",30,30,6,6,1.0,11.996952,0.718353
52,bounded_sign_flip,strengthened_vdp_gate,10,2,"[0, 8]",dirichlet_0.1,100000,3,0.104748,0.040257,0.104748,"[0.104748, 0.067201, 0.056023, 0.040257]",30,30,6,6,1.0,12.186053,0.718353
62,none,current_vdp_gate,10,2,"[2, 7]",dirichlet_0.1,100000,3,0.111408,0.484144,0.484144,"[0.111408, 0.241336, 0.404637, 0.484144]",30,30,0,0,0.0,12.164904,0.635714
62,relation_tamper,ungated,10,2,"[2, 7]",dirichlet_0.1,100000,3,0.111408,0.55675,0.55675,"[0.111408, 0.307686, 0.492328, 0.55675]",30,30,6,6,1.0,12.132881,0.635714
62,relation_tamper,current_vdp_gate,10,2,"[2, 7]",dirichlet_0.1,100000,3,0.111408,0.302488,0.302488,"[0.111408, 0.190761, 0.260338, 0.302488]",24,30,0,6,0.0,12.04198,0.635714
62,relation_tamper,strengthened_vdp_gate,10,2,"[2, 7]",dirichlet_0.1,100000,3,0.111408,0.302488,0.302488,"[0.111408, 0.190761, 0.260338, 0.302488]",24,30,0,6,0.0,12.028416,0.635714
62,clip_bypass,ungated,10,2,"[2, 7]",dirichlet_0.1,100000,3,0.111408,0.615604,0.615604,"[0.111408, 0.413079, 0.561225, 0.615604]",30,30,6,6,1.0,12.177167,0.635714
62,clip_bypass,current_vdp_gate,10,2,"[2, 7]",dirichlet_0.1,100000,3,0.111408,0.302488,0.302488,"[0.111408, 0.190761, 0.260338, 0.302488]",24,30,0,6,0.0,12.171564,0.635714
62,clip_bypass,strengthened_vdp_gate,10,2,"[2, 7]",dirichlet_0.1,100000,3,0.111408,0.302488,0.302488,"[0.111408, 0.190761, 0.260338, 0.302488]",24,30,0,6,0.0,12.096057,0.635714
62,replay,ungated,10,2,"[2, 7]",dirichlet_0.1,100000,3,0.111408,0.453715,0.453715,"[0.111408, 0.241336, 0.358932, 0.453715]",30,30,4,4,1.0,12.067379,0.635714
62,replay,current_vdp_gate,10,2,"[2, 7]",dirichlet_0.1,100000,3,0.111408,0.453715,0.453715,"[0.111408, 0.241336, 0.358932, 0.453715]",30,30,4,4,1.0,12.163053,0.635714
62,replay,strengthened_vdp_gate,10,2,"[2, 7]",dirichlet_0.1,100000,3,0.111408,0.349001,0.349001,"[0.111408, 0.241336, 0.327324, 0.349001]",26,30,0,4,0.0,12.250922,0.635714
62,zero_noise,ungated,10,2,"[2, 7]",dirichlet_0.1,100000,3,0.111408,0.598401,0.598401,"[0.111408, 0.270647, 0.494858, 0.598401]",30,30,6,6,1.0,12.216053,0.635714
62,zero_noise,current_vdp_gate,10,2,"[2, 7]",dirichlet_0.1,100000,3,0.111408,0.598401,0.598401,"[0.111408, 0.270647, 0.494858, 0.598401]",30,30,6,6,1.0,12.045421,0.635714
62,zero_noise,strengthened_vdp_gate,10,2,"[2, 7]",dirichlet_0.1,100000,3,0.111408,0.302488,0.302488,"[0.111408, 0.190761, 0.260338, 0.302488]",24,30,0,6,0.0,12.178684,0.635714
62,bounded_sign_flip,ungated,10,2,"[2, 7]",dirichlet_0.1,100000,3,0.111408,0.116426,0.117613,"[0.111408, 0.097063, 0.117613, 0.116426]",30,30,6,6,1.0,12.129275,0.635714
62,bounded_sign_flip,current_vdp_gate,10,2,"[2, 7]",dirichlet_0.1,100000,3,0.111408,0.116426,0.117613,"[0.111408, 0.097063, 0.117613, 0.116426]",30,30,6,6,1.0,12.12866,0.635714
62,bounded_sign_flip,strengthened_vdp_gate,10,2,"[2, 7]",dirichlet_0.1,100000,3,0.111408,0.116426,0.117613,"[0.111408, 0.097063, 0.117613, 0.116426]",30,30,6,6,1.0,12.126132,0.635714
