family,condition,comparison,seeds,seed_ids,baseline_mean,comparison_mean,mean_difference,difference_sd,difference_ci95_low,difference_ci95_high,cohen_dz,exact_permutation_p,holm_adjusted_p,familywise_p_lt_0_05
large_data_scaling,train_size=10000,clip-fl,3,"[42,52,62]",0.627298667,0.627298667,0.0,0.0,0.0,0.0,,1.0,1.0,False
large_data_scaling,train_size=10000,dp-fl,3,"[42,52,62]",0.627298667,0.569942,-0.057356667,0.029656799,-0.131028239,0.016314905,-1.934014098,0.25,1.0,False
large_data_scaling,train_size=100000,clip-fl,3,"[42,52,62]",0.712285,0.701077667,-0.011207333,0.003280352,-0.019356179,-0.003058487,-3.416503255,0.25,1.0,False
large_data_scaling,train_size=100000,dp-fl,3,"[42,52,62]",0.712285,0.667885667,-0.044399333,0.00692075,-0.06159143,-0.027207236,-6.415392936,0.25,1.0,False
large_data_scaling,train_size=464809,clip-fl,3,"[42,52,62]",0.719889667,0.700633333,-0.019256333,0.001625912,-0.023295322,-0.015217344,-11.843405516,0.25,1.0,False
large_data_scaling,train_size=464809,dp-fl,3,"[42,52,62]",0.719889667,0.636799333,-0.083090333,0.006278791,-0.098687715,-0.067492952,-13.233492471,0.25,1.0,False
noniid_scaling,K=10/dirichlet_0.1,clip-fl,5,"[42,52,62,72,82]",0.6206054,0.6047194,-0.015886,0.017770782,-0.03795134,0.00617934,-0.893939271,0.0625,0.75,False
noniid_scaling,K=10/dirichlet_0.1,dp-fl,5,"[42,52,62,72,82]",0.6206054,0.5181812,-0.1024242,0.058569644,-0.175148019,-0.029700381,-1.748759131,0.0625,0.75,False
noniid_scaling,K=10/dirichlet_0.5,clip-fl,5,"[42,52,62,72,82]",0.6307496,0.6217138,-0.0090358,0.005878451,-0.016334862,-0.001736738,-1.537105485,0.0625,0.75,False
noniid_scaling,K=10/dirichlet_0.5,dp-fl,5,"[42,52,62,72,82]",0.6307496,0.5814774,-0.0492722,0.017219684,-0.070653261,-0.027891139,-2.861388203,0.0625,0.75,False
noniid_scaling,K=10/iid,clip-fl,5,"[42,52,62,72,82]",0.6079498,0.6079498,0.0,0.0,0.0,0.0,,1.0,1.0,False
noniid_scaling,K=10/iid,dp-fl,5,"[42,52,62,72,82]",0.6079498,0.5848594,-0.0230904,0.01651024,-0.04359057,-0.00259023,-1.398550272,0.0625,0.75,False
noniid_scaling,K=3/dirichlet_0.1,clip-fl,5,"[42,52,62,72,82]",0.6770906,0.635283,-0.0418076,0.011220873,-0.055740154,-0.027875046,-3.72587754,0.0625,0.75,False
noniid_scaling,K=3/dirichlet_0.1,dp-fl,5,"[42,52,62,72,82]",0.6770906,0.5162346,-0.160856,0.0538154,-0.227676645,-0.094035355,-2.989032881,0.0625,0.75,False
noniid_scaling,K=3/dirichlet_0.5,clip-fl,5,"[42,52,62,72,82]",0.6797656,0.6455738,-0.0341918,0.013903602,-0.051455403,-0.016928197,-2.459204376,0.0625,0.75,False
noniid_scaling,K=3/dirichlet_0.5,dp-fl,5,"[42,52,62,72,82]",0.6797656,0.5764638,-0.1033018,0.032232951,-0.143324295,-0.063279305,-3.204850818,0.0625,0.75,False
noniid_scaling,K=3/iid,clip-fl,5,"[42,52,62,72,82]",0.689464,0.6461004,-0.0433636,0.006712874,-0.051698734,-0.035028466,-6.459766463,0.0625,0.75,False
noniid_scaling,K=3/iid,dp-fl,5,"[42,52,62,72,82]",0.689464,0.6127378,-0.0767262,0.009686937,-0.088754121,-0.064698279,-7.920583878,0.0625,0.75,False
threat_utility,bounded_sign_flip,current_vdp_gate-clean,3,"[42,52,62]",0.495314333,0.090565667,-0.404748667,0.033058332,-0.486870116,-0.322627217,-12.243469022,0.25,1.0,False
threat_utility,bounded_sign_flip,strengthened_vdp_gate-clean,3,"[42,52,62]",0.495314333,0.090565667,-0.404748667,0.033058332,-0.486870116,-0.322627217,-12.243469022,0.25,1.0,False
threat_utility,bounded_sign_flip,ungated-clean,3,"[42,52,62]",0.495314333,0.090565667,-0.404748667,0.033058332,-0.486870116,-0.322627217,-12.243469022,0.25,1.0,False
threat_utility,clip_bypass,current_vdp_gate-clean,3,"[42,52,62]",0.495314333,0.297167,-0.198147333,0.100573217,-0.447985054,0.051690388,-1.970179928,0.25,1.0,False
threat_utility,clip_bypass,strengthened_vdp_gate-clean,3,"[42,52,62]",0.495314333,0.297167,-0.198147333,0.100573217,-0.447985054,0.051690388,-1.970179928,0.25,1.0,False
threat_utility,clip_bypass,ungated-clean,3,"[42,52,62]",0.495314333,0.603920333,0.108606,0.058496078,-0.036706313,0.253918313,1.856637305,0.25,1.0,False
threat_utility,relation_tamper,current_vdp_gate-clean,3,"[42,52,62]",0.495314333,0.297167,-0.198147333,0.100573217,-0.447985054,0.051690388,-1.970179928,0.25,1.0,False
threat_utility,relation_tamper,strengthened_vdp_gate-clean,3,"[42,52,62]",0.495314333,0.297167,-0.198147333,0.100573217,-0.447985054,0.051690388,-1.970179928,0.25,1.0,False
threat_utility,relation_tamper,ungated-clean,3,"[42,52,62]",0.495314333,0.557885667,0.062571333,0.020823993,0.010841667,0.114300999,3.004771172,0.25,1.0,False
threat_utility,replay,current_vdp_gate-clean,3,"[42,52,62]",0.495314333,0.483748333,-0.011566,0.016542631,-0.052660173,0.029528173,-0.69916328,0.5,1.0,False
threat_utility,replay,strengthened_vdp_gate-clean,3,"[42,52,62]",0.495314333,0.360719333,-0.134595,0.068454645,-0.304645765,0.035455765,-1.966192357,0.25,1.0,False
threat_utility,replay,ungated-clean,3,"[42,52,62]",0.495314333,0.483748333,-0.011566,0.016542631,-0.052660173,0.029528173,-0.69916328,0.5,1.0,False
threat_utility,zero_noise,current_vdp_gate-clean,3,"[42,52,62]",0.495314333,0.589173,0.093858667,0.059197766,-0.053196736,0.24091407,1.585510281,0.25,1.0,False
threat_utility,zero_noise,strengthened_vdp_gate-clean,3,"[42,52,62]",0.495314333,0.297167,-0.198147333,0.100573217,-0.447985054,0.051690388,-1.970179928,0.25,1.0,False
threat_utility,zero_noise,ungated-clean,3,"[42,52,62]",0.495314333,0.589173,0.093858667,0.059197766,-0.053196736,0.24091407,1.585510281,0.25,1.0,False
