profile,seed,mode,model,parameter_count,clients,rounds,client_updates,train_size,test_size,partition,label_tv_mean,initial_accuracy,final_accuracy,best_accuracy,round_accuracies,clipped_updates,preprocess_sec,training_sec,peak_rss_mib
linear_k10_r3,42,clean,linear,385,10,3,30,50000,20000,dirichlet_0.5,0.370686,0.12335,0.50645,0.50645,"[0.12335, 0.2729, 0.40895, 0.50645]",0,1.273957,2.430158,476.484
linear_k10_r3,42,vdp_cbd,linear,385,10,3,30,50000,20000,dirichlet_0.5,0.370686,0.12335,0.48945,0.48945,"[0.12335, 0.2752, 0.3934, 0.48945]",0,1.093634,2.495702,474.855
linear_k10_r3,52,clean,linear,385,10,3,30,50000,20000,dirichlet_0.5,0.344186,0.10705,0.52235,0.52235,"[0.10705, 0.26805, 0.3976, 0.52235]",0,1.234448,3.65068,476.312
linear_k10_r3,52,vdp_cbd,linear,385,10,3,30,50000,20000,dirichlet_0.5,0.344186,0.10705,0.50355,0.50355,"[0.10705, 0.2705, 0.39825, 0.50355]",0,1.181112,2.590752,477.516
linear_k10_r3,62,clean,linear,385,10,3,30,50000,20000,dirichlet_0.5,0.334404,0.11225,0.6062,0.6062,"[0.11225, 0.3203, 0.5068, 0.6062]",0,1.047569,3.856803,480.812
linear_k10_r3,62,vdp_cbd,linear,385,10,3,30,50000,20000,dirichlet_0.5,0.334404,0.11225,0.58715,0.58715,"[0.11225, 0.30005, 0.4746, 0.58715]",3,1.958767,3.951772,480.859
linear_k10_r3,72,clean,linear,385,10,3,30,50000,20000,dirichlet_0.5,0.355981,0.16835,0.59025,0.59025,"[0.16835, 0.3945, 0.51935, 0.59025]",0,1.80181,4.172585,481.0
linear_k10_r3,72,vdp_cbd,linear,385,10,3,30,50000,20000,dirichlet_0.5,0.355981,0.16835,0.5844,0.5844,"[0.16835, 0.39515, 0.5038, 0.5844]",3,1.72347,4.017345,482.75
linear_k10_r3,82,clean,linear,385,10,3,30,50000,20000,dirichlet_0.5,0.401045,0.1654,0.60355,0.60355,"[0.1654, 0.3927, 0.5431, 0.60355]",0,1.77173,3.768218,483.172
linear_k10_r3,82,vdp_cbd,linear,385,10,3,30,50000,20000,dirichlet_0.5,0.401045,0.1654,0.5958,0.5958,"[0.1654, 0.3668, 0.5318, 0.5958]",3,1.578446,2.685257,484.371
linear_k25_r10,42,clean,linear,385,25,10,250,50000,20000,dirichlet_0.5,0.408738,0.12335,0.6258,0.6258,"[0.12335, 0.21805, 0.33015, 0.41985, 0.4868, 0.54215, 0.5788, 0.6016, 0.61385, 0.62095, 0.6258]",0,1.19083,8.542012,481.289
linear_k25_r10,42,vdp_cbd,linear,385,25,10,250,50000,20000,dirichlet_0.5,0.408738,0.12335,0.6193,0.6193,"[0.12335, 0.2167, 0.3185, 0.41865, 0.47655, 0.53715, 0.57185, 0.5911, 0.60005, 0.61375, 0.6193]",0,1.242797,7.698345,480.77
linear_k25_r10,52,clean,linear,385,25,10,250,50000,20000,dirichlet_0.5,0.389901,0.10705,0.61345,0.61345,"[0.10705, 0.17825, 0.2852, 0.3615, 0.4309, 0.4931, 0.54465, 0.5753, 0.59545, 0.60605, 0.61345]",0,1.167957,7.274475,477.984
linear_k25_r10,52,vdp_cbd,linear,385,25,10,250,50000,20000,dirichlet_0.5,0.389901,0.10705,0.6223,0.6223,"[0.10705, 0.17215, 0.2926, 0.3618, 0.42175, 0.48465, 0.5377, 0.56475, 0.586, 0.6074, 0.6223]",0,1.127233,7.336965,462.453
linear_k25_r10,62,clean,linear,385,25,10,250,50000,20000,dirichlet_0.5,0.428624,0.11225,0.6366,0.6366,"[0.11225, 0.17795, 0.26525, 0.3514, 0.44495, 0.4942, 0.5378, 0.5805, 0.61415, 0.6317, 0.6366]",0,1.142668,7.714996,461.105
linear_k25_r10,62,vdp_cbd,linear,385,25,10,250,50000,20000,dirichlet_0.5,0.428624,0.11225,0.63615,0.63615,"[0.11225, 0.1858, 0.2569, 0.3612, 0.4361, 0.4886, 0.54775, 0.58645, 0.6123, 0.63205, 0.63615]",0,1.091322,7.569023,462.93
linear_k25_r10,72,clean,linear,385,25,10,250,50000,20000,dirichlet_0.5,0.454485,0.16835,0.6232,0.6232,"[0.16835, 0.274, 0.3857, 0.4588, 0.51235, 0.55325, 0.57745, 0.59295, 0.60415, 0.61325, 0.6232]",0,1.124131,7.390286,466.355
linear_k25_r10,72,vdp_cbd,linear,385,25,10,250,50000,20000,dirichlet_0.5,0.454485,0.16835,0.61755,0.61755,"[0.16835, 0.2801, 0.3801, 0.4583, 0.5153, 0.55125, 0.57855, 0.59205, 0.60115, 0.60945, 0.61755]",0,1.094332,7.884797,466.832
linear_k25_r10,82,clean,linear,385,25,10,250,50000,20000,dirichlet_0.5,0.433151,0.1654,0.6307,0.6307,"[0.1654, 0.2626, 0.34225, 0.4092, 0.4824, 0.52845, 0.5552, 0.5861, 0.60835, 0.62265, 0.6307]",0,1.920474,8.253628,468.148
linear_k25_r10,82,vdp_cbd,linear,385,25,10,250,50000,20000,dirichlet_0.5,0.433151,0.1654,0.6264,0.6264,"[0.1654, 0.2583, 0.33765, 0.40895, 0.47205, 0.51535, 0.5568, 0.5831, 0.60545, 0.61785, 0.6264]",0,1.191128,8.25289,468.594
linear_k50_r20,42,clean,linear,385,50,20,1000,50000,20000,dirichlet_0.5,0.386581,0.12335,0.63765,0.63765,"[0.12335, 0.16695, 0.23315, 0.29935, 0.3622, 0.41485, 0.45465, 0.49455, 0.5295, 0.5544, 0.5751, 0.59175, 0.605, 0.6128, 0.6191, 0.62425, 0.6288, 0.6322, 0.6343, 0.636, 0.63765]",0,1.057187,25.329552,468.109
linear_k50_r20,42,vdp_cbd,linear,385,50,20,1000,50000,20000,dirichlet_0.5,0.386581,0.12335,0.63115,0.63115,"[0.12335, 0.16125, 0.2205, 0.29525, 0.35375, 0.4067, 0.4484, 0.48825, 0.52145, 0.5523, 0.57045, 0.5871, 0.5963, 0.60725, 0.6153, 0.62055, 0.6242, 0.6241, 0.62665, 0.62925, 0.63115]",0,1.793719,27.606706,460.402
linear_k50_r20,52,clean,linear,385,50,20,1000,50000,20000,dirichlet_0.5,0.363477,0.10705,0.6341,0.6341,"[0.10705, 0.14475, 0.20035, 0.2675, 0.32095, 0.3682, 0.4175, 0.4703, 0.50465, 0.5423, 0.5708, 0.5924, 0.60585, 0.6171, 0.6221, 0.6265, 0.6286, 0.6298, 0.63205, 0.6331, 0.6341]",0,1.857784,26.886669,464.004
linear_k50_r20,52,vdp_cbd,linear,385,50,20,1000,50000,20000,dirichlet_0.5,0.363477,0.10705,0.63075,0.631,"[0.10705, 0.15115, 0.2043, 0.2688, 0.31495, 0.3551, 0.4025, 0.4456, 0.49935, 0.54205, 0.56695, 0.59, 0.60425, 0.61855, 0.6225, 0.627, 0.62685, 0.6289, 0.6274, 0.631, 0.63075]",0,1.49956,31.882395,465.504
linear_k50_r20,62,clean,linear,385,50,20,1000,50000,20000,dirichlet_0.5,0.380302,0.11225,0.64715,0.64715,"[0.11225, 0.1622, 0.23285, 0.29545, 0.37495, 0.4344, 0.47345, 0.50625, 0.54625, 0.58365, 0.61335, 0.6282, 0.63695, 0.64145, 0.6429, 0.64475, 0.64555, 0.64525, 0.6459, 0.6461, 0.64715]",0,2.09835,30.219412,467.293
linear_k50_r20,62,vdp_cbd,linear,385,50,20,1000,50000,20000,dirichlet_0.5,0.380302,0.11225,0.64945,0.64945,"[0.11225, 0.17275, 0.2219, 0.29615, 0.3638, 0.41805, 0.46335, 0.5093, 0.54515, 0.5823, 0.60565, 0.62325, 0.6321, 0.6385, 0.63945, 0.6417, 0.64245, 0.64505, 0.6462, 0.64805, 0.64945]",0,1.932413,34.06205,467.492
linear_k50_r20,72,clean,linear,385,50,20,1000,50000,20000,dirichlet_0.5,0.365007,0.16835,0.6411,0.6411,"[0.16835, 0.2348, 0.3101, 0.3767, 0.4427, 0.4896, 0.52555, 0.5574, 0.57865, 0.59225, 0.6018, 0.6092, 0.61375, 0.61815, 0.6231, 0.6275, 0.63085, 0.63465, 0.63715, 0.63895, 0.6411]",0,2.489542,34.935663,467.582
linear_k50_r20,72,vdp_cbd,linear,385,50,20,1000,50000,20000,dirichlet_0.5,0.365007,0.16835,0.63705,0.63705,"[0.16835, 0.23475, 0.30035, 0.3743, 0.43955, 0.482, 0.5232, 0.55635, 0.5775, 0.59085, 0.602, 0.60745, 0.61465, 0.61685, 0.6197, 0.6197, 0.6274, 0.6319, 0.63295, 0.6368, 0.63705]",0,1.819992,21.035997,467.586
linear_k50_r20,82,clean,linear,385,50,20,1000,50000,20000,dirichlet_0.5,0.357357,0.1654,0.63185,0.63185,"[0.1654, 0.2267, 0.2871, 0.3371, 0.3751, 0.4159, 0.458, 0.49185, 0.51635, 0.53365, 0.55045, 0.5706, 0.5874, 0.59925, 0.6073, 0.6144, 0.61815, 0.62205, 0.6261, 0.6291, 0.63185]",0,1.851217,24.385362,465.809
linear_k50_r20,82,vdp_cbd,linear,385,50,20,1000,50000,20000,dirichlet_0.5,0.357357,0.1654,0.62745,0.62745,"[0.1654, 0.2237, 0.2819, 0.3331, 0.37585, 0.41645, 0.45885, 0.48715, 0.5195, 0.53545, 0.55605, 0.56615, 0.5858, 0.5965, 0.60855, 0.61395, 0.6189, 0.6192, 0.61715, 0.62435, 0.62745]",0,1.123451,20.109042,466.293
mlp16_k25_r10,42,clean,mlp_16,999,25,10,250,50000,20000,dirichlet_0.5,0.408738,0.08765,0.61,0.6171,"[0.08765, 0.27925, 0.4134, 0.53305, 0.57835, 0.5956, 0.6096, 0.6169, 0.6171, 0.61445, 0.61]",0,1.73295,15.037693,471.875
mlp16_k25_r10,42,vdp_cbd,mlp_16,999,25,10,250,50000,20000,dirichlet_0.5,0.408738,0.08765,0.6005,0.6046,"[0.08765, 0.28445, 0.41015, 0.51535, 0.5697, 0.58815, 0.60035, 0.6013, 0.6046, 0.60205, 0.6005]",20,2.225096,15.282243,471.801
mlp16_k25_r10,52,clean,mlp_16,999,25,10,250,50000,20000,dirichlet_0.5,0.389901,0.0356,0.6082,0.6082,"[0.0356, 0.2574, 0.489, 0.54265, 0.56395, 0.57865, 0.5888, 0.5953, 0.602, 0.6045, 0.6082]",0,1.852927,13.266074,470.836
mlp16_k25_r10,52,vdp_cbd,mlp_16,999,25,10,250,50000,20000,dirichlet_0.5,0.389901,0.0356,0.6105,0.6105,"[0.0356, 0.27515, 0.49115, 0.5382, 0.5604, 0.5712, 0.5787, 0.5883, 0.59985, 0.6059, 0.6105]",0,1.537736,13.421542,472.203
mlp16_k25_r10,62,clean,mlp_16,999,25,10,250,50000,20000,dirichlet_0.5,0.428624,0.0507,0.63155,0.63155,"[0.0507, 0.16325, 0.40295, 0.5536, 0.6027, 0.6187, 0.6273, 0.6273, 0.6287, 0.63135, 0.63155]",0,1.773163,10.816485,475.707
mlp16_k25_r10,62,vdp_cbd,mlp_16,999,25,10,250,50000,20000,dirichlet_0.5,0.428624,0.0507,0.63035,0.63035,"[0.0507, 0.17555, 0.41905, 0.54355, 0.60375, 0.6157, 0.6229, 0.622, 0.62395, 0.62705, 0.63035]",0,1.693994,14.842175,475.891
mlp16_k25_r10,72,clean,mlp_16,999,25,10,250,50000,20000,dirichlet_0.5,0.454485,0.20225,0.5847,0.585,"[0.20225, 0.3084, 0.3522, 0.39055, 0.4469, 0.4992, 0.5569, 0.57605, 0.58375, 0.585, 0.5847]",0,1.701738,14.119268,476.016
mlp16_k25_r10,72,vdp_cbd,mlp_16,999,25,10,250,50000,20000,dirichlet_0.5,0.454485,0.20225,0.5943,0.5943,"[0.20225, 0.29455, 0.35265, 0.3889, 0.44745, 0.49375, 0.5517, 0.5757, 0.58675, 0.5929, 0.5943]",0,1.774074,15.032192,475.902
mlp16_k25_r10,82,clean,mlp_16,999,25,10,250,50000,20000,dirichlet_0.5,0.433151,0.311,0.5691,0.57945,"[0.311, 0.41965, 0.4781, 0.5516, 0.57945, 0.57455, 0.57435, 0.57315, 0.5705, 0.5696, 0.5691]",0,2.059956,13.009792,478.09
mlp16_k25_r10,82,vdp_cbd,mlp_16,999,25,10,250,50000,20000,dirichlet_0.5,0.433151,0.311,0.56635,0.5824,"[0.311, 0.4218, 0.47625, 0.5184, 0.56265, 0.5824, 0.5769, 0.57605, 0.57075, 0.56655, 0.56635]",0,1.195831,14.371944,477.387
