source_artifact,bundle_dir,case_name,client_id,scale,clip_ok,relation_ok
constraint_artifacts\results\artifacts\scale_10000\client_0_honest_profile.json,zk_backend_bundle\results\bundles\scale_10000\client_0_honest_profile,honest_profile,0,10000,True,True
constraint_artifacts\results\artifacts\scale_10000\client_0_tampered_clip_profile.json,zk_backend_bundle\results\bundles\scale_10000\client_0_tampered_clip_profile,tampered_clip_profile,0,10000,False,True
constraint_artifacts\results\artifacts\scale_10000\client_0_tampered_noisy_profile.json,zk_backend_bundle\results\bundles\scale_10000\client_0_tampered_noisy_profile,tampered_noisy_profile,0,10000,True,False
constraint_artifacts\results\artifacts\scale_10000\client_1_honest_profile.json,zk_backend_bundle\results\bundles\scale_10000\client_1_honest_profile,honest_profile,1,10000,True,True
constraint_artifacts\results\artifacts\scale_10000\client_1_tampered_clip_profile.json,zk_backend_bundle\results\bundles\scale_10000\client_1_tampered_clip_profile,tampered_clip_profile,1,10000,False,True
constraint_artifacts\results\artifacts\scale_10000\client_1_tampered_noisy_profile.json,zk_backend_bundle\results\bundles\scale_10000\client_1_tampered_noisy_profile,tampered_noisy_profile,1,10000,True,False
constraint_artifacts\results\artifacts\scale_10000\client_2_honest_profile.json,zk_backend_bundle\results\bundles\scale_10000\client_2_honest_profile,honest_profile,2,10000,True,True
constraint_artifacts\results\artifacts\scale_10000\client_2_tampered_clip_profile.json,zk_backend_bundle\results\bundles\scale_10000\client_2_tampered_clip_profile,tampered_clip_profile,2,10000,False,True
constraint_artifacts\results\artifacts\scale_10000\client_2_tampered_noisy_profile.json,zk_backend_bundle\results\bundles\scale_10000\client_2_tampered_noisy_profile,tampered_noisy_profile,2,10000,True,False
