rounds,target_epsilon,delta,adjacency,required_raw_noise_multiplier,check_epsilon,best_alpha
5,1.0,1e-05,add_remove,10.957974485,1.0,24.515441
5,1.0,1e-05,replace_one,21.915948969,1.0,24.515441
5,2.0,1e-05,add_remove,5.588585268,2.0,12.992914
5,2.0,1e-05,replace_one,11.177170537,2.0,12.992914
5,4.0,1e-05,add_remove,2.898114955,4.0,7.219256
5,4.0,1e-05,replace_one,5.79622991,4.0,7.219256
5,8.0,1e-05,add_remove,1.543668592,8.0,4.31266
5,8.0,1e-05,replace_one,3.087337183,8.0,4.31266
5,32.0,1e-05,add_remove,0.493587221,32.0,2.059221
5,32.0,1e-05,replace_one,0.987174442,32.0,2.059221
5,128.0,1e-05,add_remove,0.187817419,128.0,1.40305
5,128.0,1e-05,replace_one,0.375634838,128.0,1.40305
10,1.0,1e-05,add_remove,15.496916132,1.0,24.515441
10,1.0,1e-05,replace_one,30.993832264,1.0,24.515441
10,2.0,1e-05,add_remove,7.903453081,2.0,12.992914
10,2.0,1e-05,replace_one,15.806906162,2.0,12.992914
10,4.0,1e-05,add_remove,4.098553475,4.0,7.219256
10,4.0,1e-05,replace_one,8.197106949,4.0,7.219256
10,8.0,1e-05,add_remove,2.183077058,8.0,4.31266
10,8.0,1e-05,replace_one,4.366154116,8.0,4.31266
10,32.0,1e-05,add_remove,0.698037742,32.0,2.059221
10,32.0,1e-05,replace_one,1.396075485,32.0,2.059221
10,128.0,1e-05,add_remove,0.265613941,128.0,1.40305
10,128.0,1e-05,replace_one,0.531227882,128.0,1.40305
15,1.0,1e-05,add_remove,18.979768555,1.0,24.515441
15,1.0,1e-05,replace_one,37.959537111,1.0,24.515441
15,2.0,1e-05,add_remove,9.679713627,2.0,12.992914
15,2.0,1e-05,replace_one,19.359427255,2.0,12.992914
15,4.0,1e-05,add_remove,5.019682348,4.0,7.219256
15,4.0,1e-05,replace_one,10.039364696,4.0,7.219256
15,8.0,1e-05,add_remove,2.673712431,8.0,4.31266
15,8.0,1e-05,replace_one,5.347424862,8.0,4.31266
15,32.0,1e-05,add_remove,0.854918145,32.0,2.059221
15,32.0,1e-05,replace_one,1.70983629,32.0,2.059221
15,128.0,1e-05,add_remove,0.325309312,128.0,1.40305
15,128.0,1e-05,replace_one,0.650618624,128.0,1.40305
