dataset,mode,seed,clients,rounds,samples,input_dim,num_classes,test_size,initial_accuracy,final_accuracy,best_accuracy,mean_round_loss
iris,fl,42,3,10,150,4,3,30,0.366667,0.8,0.833333,0.615619
iris,dp,42,3,10,150,4,3,30,0.366667,0.833333,0.833333,0.614483
iris,fl,52,3,10,150,4,3,30,0.1,0.933333,0.933333,0.789282
iris,dp,52,3,10,150,4,3,30,0.1,0.933333,0.933333,0.808385
iris,fl,62,3,10,150,4,3,30,0.433333,0.866667,0.866667,0.60207
iris,dp,62,3,10,150,4,3,30,0.433333,0.833333,0.833333,0.578355
wine,fl,42,3,10,178,13,3,36,0.333333,0.972222,1.0,0.322737
wine,dp,42,3,10,178,13,3,36,0.333333,1.0,1.0,0.318611
wine,fl,52,3,10,178,13,3,36,0.555556,0.944444,0.944444,0.285916
wine,dp,52,3,10,178,13,3,36,0.555556,0.944444,0.944444,0.279965
wine,fl,62,3,10,178,13,3,36,0.277778,1.0,1.0,0.353594
wine,dp,62,3,10,178,13,3,36,0.277778,1.0,1.0,0.365423
digits,fl,42,3,10,1797,64,10,360,0.063889,0.969444,0.969444,0.142964
digits,dp,42,3,10,1797,64,10,360,0.063889,0.95,0.95,0.296152
digits,fl,52,3,10,1797,64,10,360,0.119444,0.955556,0.958333,0.137248
digits,dp,52,3,10,1797,64,10,360,0.119444,0.952778,0.958333,0.275531
digits,fl,62,3,10,1797,64,10,360,0.055556,0.958333,0.969444,0.141865
digits,dp,62,3,10,1797,64,10,360,0.055556,0.936111,0.938889,0.295097
