dataset,seed,case_name,vector_dim,verified,clip_ok,relation_ok,accepted,pipeline_sec,prove_sec,verify_sec,pipeline_peak_rss_bytes,pipeline_peak_rss_delta_bytes,prove_peak_rss_delta_bytes,verify_peak_rss_delta_bytes,proof_size_bytes,update_payload_bytes,audit_metadata_bytes,s2_payload_bytes,communication_overhead_bytes,communication_overhead_ratio,logrows,num_rows,total_assignments,pk_size_bytes,vk_size_bytes,srs_size_bytes,calibrate_settings_baseline_rss_bytes,calibrate_settings_peak_rss_bytes,calibrate_settings_peak_rss_delta_bytes,calibrate_settings_sec,client_id,clip_bound_excess,clip_sum_sq,compile_circuit_baseline_rss_bytes,compile_circuit_peak_rss_bytes,compile_circuit_peak_rss_delta_bytes,compile_circuit_sec,compiled_size_bytes,export_onnx_baseline_rss_bytes,export_onnx_peak_rss_bytes,export_onnx_peak_rss_delta_bytes,export_onnx_sec,gen_settings_baseline_rss_bytes,gen_settings_peak_rss_bytes,gen_settings_peak_rss_delta_bytes,gen_settings_sec,gen_srs_baseline_rss_bytes,gen_srs_peak_rss_bytes,gen_srs_peak_rss_delta_bytes,gen_srs_sec,gen_witness_baseline_rss_bytes,gen_witness_peak_rss_bytes,gen_witness_peak_rss_delta_bytes,gen_witness_sec,onnx_size_bytes,pipeline_baseline_rss_bytes,prove_baseline_rss_bytes,prove_peak_rss_bytes,relation_linf_gap,relation_sum_sq,setup_baseline_rss_bytes,setup_peak_rss_bytes,setup_peak_rss_delta_bytes,setup_sec,verify_baseline_rss_bytes,verify_peak_rss_bytes
iris,42,honest_profile,15,True,True,True,True,4.316511,0.092936,0.033618,430374912,88465408,1183744,262144,12268,101,148,12517,12416,122.930693,8,138,276,886443,1479,33028,423858176,425873408,2015232,0.276128,0,0,5046411.0,425869312,425943040,73728,0.016072,3029,341917696,418680832,76763136,3.724227,418721792,423862272,5140480,0.047788,425922560,426176512,253952,0.029077,428036096,428937216,901120,0.005398,8274,341909504,428933120,430116864,0,0.0,426172416,428040192,1867776,0.088877,430112768,430374912
iris,52,honest_profile,15,True,True,True,True,5.457871,0.105957,0.031365,429563904,87187456,1155072,262144,12257,102,148,12507,12405,121.617647,8,138,276,886443,1479,33028,423993344,426196992,2203648,0.398123,0,0,5282692.0,426192896,426221568,28672,0.021455,3029,342380544,418832384,76451840,4.717411,418873344,423997440,5124096,0.048543,426201088,426455040,253952,0.029803,427872256,428154880,282624,0.006082,8274,342376448,428150784,429305856,0,0.0,426450944,427876352,1425408,0.096469,429301760,429563904
iris,62,honest_profile,15,True,True,True,True,6.476888,0.101298,0.033003,429867008,88522752,1306624,290816,12291,94,148,12533,12439,132.329787,8,138,276,886443,1479,33028,424415232,426364928,1949696,0.359464,0,0,5169706.0,426360832,426389504,28672,0.015917,3029,341352448,418914304,77561856,5.793644,418926592,424419328,5492736,0.046296,426369024,426622976,253952,0.028501,427991040,428277760,286720,0.005657,8274,341344256,428273664,429580288,0,0.0,426618880,427995136,1376256,0.090336,429576192,429867008
wine,42,honest_profile,42,True,True,True,True,6.069285,0.14332,0.038225,432398336,90615808,1503232,266240,11972,224,148,12344,12120,54.107143,9,379,758,1574867,1799,65796,424325120,426770432,2445312,0.45684,0,0,14392182.0,426749952,426795008,45056,0.014953,5621,341790720,418983936,77193216,5.187825,419024896,424329216,5304320,0.051667,426774528,427069440,294912,0.057859,429785088,430637056,851968,0.008368,8276,341782528,430632960,432136192,0,0.0,427065344,429789184,2723840,0.107208,432132096,432398336
wine,52,honest_profile,42,True,True,True,True,6.139064,0.152085,0.048086,432525312,91172864,1064960,262144,11951,221,148,12320,12099,54.746606,9,379,758,1574867,1799,65796,425889792,428380160,2490368,0.486063,0,0,14607084.0,428376064,428404736,28672,0.017304,5621,341360640,420421632,79060992,5.21309,420433920,425893888,5459968,0.049957,428384256,428658688,274432,0.05259,430923776,431206400,282624,0.008239,8276,341352448,431202304,432267264,0,0.0,428654592,430927872,2273280,0.108762,432263168,432525312
wine,62,honest_profile,42,True,True,True,True,6.181519,0.165833,0.036673,432570368,91623424,1957888,303104,11961,220,148,12329,12109,55.040909,9,379,758,1574867,1799,65796,424620032,427008000,2387968,0.469493,0,0,14869358.0,427003904,427032576,28672,0.020844,5621,340955136,419385344,78430208,5.234314,419426304,424624128,5197824,0.048859,427012096,427290624,278528,0.07323,429973504,430317568,344064,0.007021,8276,340946944,430313472,432271360,0,0.0,427286528,429977600,2691072,0.12232,432267264,432570368
digits,42,honest_profile,650,True,True,True,True,6.513605,0.590185,0.035923,446140416,102723584,1310720,778240,12012,3045,151,15208,12163,3.994417,13,5851,11702,25181267,15239,1048836,426635264,446140416,19505152,1.068114,0,8209,100008208.0,433065984,433262592,196608,0.017564,63989,343437312,419086336,75649024,3.734671,419135488,426639360,7503872,0.048405,433242112,435798016,2555904,0.564008,430272512,434688000,4415488,0.020906,8318,343416832,434683904,435994624,0,0.0,435793920,435793920,0,0.428788,435990528,436768768
digits,52,honest_profile,650,True,True,True,True,6.296379,0.576429,0.034081,446398464,102858752,2174976,1040384,11970,3062,151,15183,12121,3.958524,13,5851,11702,25181267,15239,1048836,426561536,446398464,19836928,1.033071,0,6845,100006840.0,433418240,433688576,270336,0.020597,63989,343560192,418672640,75112448,3.605474,418709504,426565632,7856128,0.056898,433668096,435052544,1384448,0.560601,430772224,435339264,4567040,0.021243,8318,343539712,435335168,437510144,0,0.0,435048448,435138560,90112,0.384463,437506048,438546432
digits,62,honest_profile,650,True,True,True,True,6.642307,0.592589,0.033272,447434752,104161280,1372160,1314816,11990,3062,151,15203,12141,3.965056,13,5851,11702,25181267,15239,1048836,427601920,447434752,19832832,1.04127,0,0,99996040.0,433414144,433647616,233472,0.018327,63989,343293952,419696640,76402688,3.828629,419758080,427606016,7847936,0.051203,433627136,436178944,2551808,0.56536,432488448,436932608,4444160,0.025262,8318,343273472,436928512,438300672,0,0.0,436174848,439074816,2899968,0.482062,438296576,439611392
