dataset,seed,clients,mode,rounds,local_epochs,batch_size,lr,clip_norm,noise_multiplier,total_samples,train_size,test_size,input_dim,num_classes,parameter_count,partition,dirichlet_alpha,client_size_min,client_size_max,client_size_mean,client_size_cv,label_entropy_mean,label_tv_mean,label_tv_max,initial_accuracy,final_accuracy,best_accuracy,round_accuracies,clipped_client_updates,training_sec,training_samples_per_sec,preprocess_sec,worker_wall_sec,worker_peak_rss_mib
covertype,42,3,clip,3,1,2048,0.01,1.0,0.08,581012,100000,116203,54,7,385,dirichlet_0.1,0.1,2291,92432,33333.333,1.254205,0.4761,0.58345,0.903128,0.126193,0.652333,0.652333,"[0.126193, 0.427476, 0.594313, 0.652333]",3,11.950377,25103.811,1.720765,47.114178,608.113
covertype,42,3,dp,3,1,2048,0.01,1.0,0.08,581012,100000,116203,54,7,385,dirichlet_0.1,0.1,2291,92432,33333.333,1.254205,0.4761,0.58345,0.903128,0.126193,0.529143,0.529143,"[0.126193, 0.331962, 0.446813, 0.529143]",3,11.900727,25208.543,1.720765,47.114183,608.113
covertype,42,3,fl,3,1,2048,0.01,1.0,0.08,581012,100000,116203,54,7,385,dirichlet_0.1,0.1,2291,92432,33333.333,1.254205,0.4761,0.58345,0.903128,0.126193,0.702856,0.702856,"[0.126193, 0.648718, 0.69956, 0.702856]",0,14.97032,20039.652,1.720765,47.114168,608.113
covertype,52,3,clip,3,1,2048,0.01,1.0,0.08,581012,100000,116203,54,7,385,dirichlet_0.1,0.1,7524,47415,33333.333,0.548257,0.356304,0.585591,0.706213,0.104748,0.626877,0.626877,"[0.104748, 0.264313, 0.504565, 0.626877]",6,12.047385,24901.669,1.759416,47.092484,614.492
covertype,52,3,dp,3,1,2048,0.01,1.0,0.08,581012,100000,116203,54,7,385,dirichlet_0.1,0.1,7524,47415,33333.333,0.548257,0.356304,0.585591,0.706213,0.104748,0.42523,0.42523,"[0.104748, 0.233273, 0.324854, 0.42523]",6,11.945617,25113.813,1.759416,47.092488,614.492
covertype,52,3,fl,3,1,2048,0.01,1.0,0.08,581012,100000,116203,54,7,385,dirichlet_0.1,0.1,7524,47415,33333.333,0.548257,0.356304,0.585591,0.706213,0.104748,0.675094,0.675094,"[0.104748, 0.624416, 0.657659, 0.675094]",0,14.75172,20336.612,1.759416,47.092474,614.492
covertype,62,3,clip,3,1,2048,0.01,1.0,0.08,581012,100000,116203,54,7,385,dirichlet_0.1,0.1,20811,44466,33333.333,0.291209,0.353182,0.530938,0.598703,0.111408,0.62198,0.62198,"[0.111408, 0.312126, 0.531923, 0.62198]",9,11.858414,25298.493,1.709031,46.90149,593.613
covertype,62,3,dp,3,1,2048,0.01,1.0,0.08,581012,100000,116203,54,7,385,dirichlet_0.1,0.1,20811,44466,33333.333,0.291209,0.353182,0.530938,0.598703,0.111408,0.522964,0.522964,"[0.111408, 0.258479, 0.424585, 0.522964]",9,11.886613,25238.477,1.709031,46.901494,593.613
covertype,62,3,fl,3,1,2048,0.01,1.0,0.08,581012,100000,116203,54,7,385,dirichlet_0.1,0.1,20811,44466,33333.333,0.291209,0.353182,0.530938,0.598703,0.111408,0.654389,0.654389,"[0.111408, 0.593436, 0.644226, 0.654389]",0,14.926489,20098.498,1.709031,46.90148,593.613
covertype,72,3,clip,3,1,2048,0.01,1.0,0.08,581012,100000,116203,54,7,385,dirichlet_0.1,0.1,23603,48436,33333.333,0.324792,0.294453,0.518783,0.612098,0.168111,0.629235,0.629235,"[0.168111, 0.43029, 0.567395, 0.629235]",9,11.764061,25501.398,1.780953,46.940544,613.773
covertype,72,3,dp,3,1,2048,0.01,1.0,0.08,581012,100000,116203,54,7,385,dirichlet_0.1,0.1,23603,48436,33333.333,0.324792,0.294453,0.518783,0.612098,0.168111,0.52978,0.52978,"[0.168111, 0.435996, 0.497311, 0.52978]",9,11.899271,25211.628,1.780953,46.940548,613.773
covertype,72,3,fl,3,1,2048,0.01,1.0,0.08,581012,100000,116203,54,7,385,dirichlet_0.1,0.1,23603,48436,33333.333,0.324792,0.294453,0.518783,0.612098,0.168111,0.656308,0.656308,"[0.168111, 0.589795, 0.640672, 0.656308]",0,14.985215,20019.732,1.780953,46.940534,613.773
covertype,82,3,clip,3,1,2048,0.01,1.0,0.08,581012,100000,116203,54,7,385,dirichlet_0.1,0.1,20462,58882,33333.333,0.541974,0.39394,0.34435,0.583811,0.165374,0.64599,0.64599,"[0.165374, 0.463671, 0.613504, 0.64599]",9,11.834195,25350.267,1.802241,46.789,597.293
covertype,82,3,dp,3,1,2048,0.01,1.0,0.08,581012,100000,116203,54,7,385,dirichlet_0.1,0.1,20462,58882,33333.333,0.541974,0.39394,0.34435,0.583811,0.165374,0.574056,0.574056,"[0.165374, 0.366023, 0.525434, 0.574056]",9,11.765392,25498.512,1.802241,46.789004,597.293
covertype,82,3,fl,3,1,2048,0.01,1.0,0.08,581012,100000,116203,54,7,385,dirichlet_0.1,0.1,20462,58882,33333.333,0.541974,0.39394,0.34435,0.583811,0.165374,0.696806,0.696806,"[0.165374, 0.627178, 0.67512, 0.696806]",0,14.958233,20055.845,1.802241,46.78899,597.293
covertype,42,3,clip,3,1,2048,0.01,1.0,0.08,581012,100000,116203,54,7,385,dirichlet_0.5,0.5,27058,37580,33333.333,0.135863,0.477781,0.280131,0.38634,0.126193,0.643873,0.643873,"[0.126193, 0.428276, 0.605019, 0.643873]",9,11.963552,25076.165,1.693618,47.025628,575.836
covertype,42,3,dp,3,1,2048,0.01,1.0,0.08,581012,100000,116203,54,7,385,dirichlet_0.5,0.5,27058,37580,33333.333,0.135863,0.477781,0.280131,0.38634,0.126193,0.580519,0.580519,"[0.126193, 0.350464, 0.537473, 0.580519]",9,11.950678,25103.177,1.693618,47.025633,575.836
covertype,42,3,fl,3,1,2048,0.01,1.0,0.08,581012,100000,116203,54,7,385,dirichlet_0.5,0.5,27058,37580,33333.333,0.135863,0.477781,0.280131,0.38634,0.126193,0.677022,0.677022,"[0.126193, 0.616507, 0.658176, 0.677022]",0,14.726539,20371.385,1.693618,47.025618,575.836
covertype,52,3,clip,3,1,2048,0.01,1.0,0.08,581012,100000,116203,54,7,385,dirichlet_0.5,0.5,10006,67044,33333.333,0.732473,0.625536,0.352165,0.517301,0.104748,0.650956,0.650956,"[0.104748, 0.392167, 0.607489, 0.650956]",6,11.774004,25479.863,1.697181,46.684553,621.59
covertype,52,3,dp,3,1,2048,0.01,1.0,0.08,581012,100000,116203,54,7,385,dirichlet_0.5,0.5,10006,67044,33333.333,0.732473,0.625536,0.352165,0.517301,0.104748,0.535107,0.535107,"[0.104748, 0.295681, 0.441039, 0.535107]",6,11.90448,25200.596,1.697181,46.684557,621.59
covertype,52,3,fl,3,1,2048,0.01,1.0,0.08,581012,100000,116203,54,7,385,dirichlet_0.5,0.5,10006,67044,33333.333,0.732473,0.625536,0.352165,0.517301,0.104748,0.691824,0.691824,"[0.104748, 0.640801, 0.675249, 0.691824]",0,14.813018,20252.457,1.697181,46.684543,621.59
covertype,62,3,clip,3,1,2048,0.01,1.0,0.08,581012,100000,116203,54,7,385,dirichlet_0.5,0.5,28950,36393,33333.333,0.095384,0.540297,0.197703,0.244381,0.111408,0.645009,0.645009,"[0.111408, 0.464678, 0.62538, 0.645009]",9,11.730207,25574.997,1.819294,46.419268,629.391
covertype,62,3,dp,3,1,2048,0.01,1.0,0.08,581012,100000,116203,54,7,385,dirichlet_0.5,0.5,28950,36393,33333.333,0.095384,0.540297,0.197703,0.244381,0.111408,0.587007,0.587007,"[0.111408, 0.374887, 0.544926, 0.587007]",9,11.885688,25240.441,1.819294,46.419272,629.391
covertype,62,3,fl,3,1,2048,0.01,1.0,0.08,581012,100000,116203,54,7,385,dirichlet_0.5,0.5,28950,36393,33333.333,0.095384,0.540297,0.197703,0.244381,0.111408,0.675611,0.675611,"[0.111408, 0.62322, 0.642823, 0.675611]",0,14.496522,20694.62,1.819294,46.419258,629.391
covertype,72,3,clip,3,1,2048,0.01,1.0,0.08,581012,100000,116203,54,7,385,dirichlet_0.5,0.5,19930,53347,33333.333,0.432629,0.465389,0.371091,0.504283,0.168111,0.651825,0.651825,"[0.168111, 0.503498, 0.631025, 0.651825]",9,11.882235,25247.775,1.947899,47.300443,583.172
covertype,72,3,dp,3,1,2048,0.01,1.0,0.08,581012,100000,116203,54,7,385,dirichlet_0.5,0.5,19930,53347,33333.333,0.432629,0.465389,0.371091,0.504283,0.168111,0.595071,0.595071,"[0.168111, 0.49293, 0.562722, 0.595071]",9,11.856538,25302.497,1.947899,47.300447,583.172
covertype,72,3,fl,3,1,2048,0.01,1.0,0.08,581012,100000,116203,54,7,385,dirichlet_0.5,0.5,19930,53347,33333.333,0.432629,0.465389,0.371091,0.504283,0.168111,0.666119,0.666119,"[0.168111, 0.62569, 0.657109, 0.666119]",0,15.112933,19850.547,1.947899,47.300433,583.172
covertype,82,3,clip,3,1,2048,0.01,1.0,0.08,581012,100000,116203,54,7,385,dirichlet_0.5,0.5,17163,52961,33333.333,0.444526,0.571921,0.209968,0.389345,0.165374,0.636206,0.636206,"[0.165374, 0.465255, 0.615173, 0.636206]",9,12.057567,24880.641,1.704492,47.81523,602.336
covertype,82,3,dp,3,1,2048,0.01,1.0,0.08,581012,100000,116203,54,7,385,dirichlet_0.5,0.5,17163,52961,33333.333,0.444526,0.571921,0.209968,0.389345,0.165374,0.584615,0.584615,"[0.165374, 0.392752, 0.531596, 0.584615]",9,12.06255,24870.363,1.704492,47.815234,602.336
covertype,82,3,fl,3,1,2048,0.01,1.0,0.08,581012,100000,116203,54,7,385,dirichlet_0.5,0.5,17163,52961,33333.333,0.444526,0.571921,0.209968,0.389345,0.165374,0.688252,0.688252,"[0.165374, 0.620698, 0.652057, 0.688252]",0,15.23532,19691.086,1.704492,47.815221,602.336
covertype,42,3,clip,3,1,2048,0.01,1.0,0.08,581012,100000,116203,54,7,385,iid,,33330,33337,33333.333,8.6e-05,0.619337,5e-05,6.5e-05,0.126193,0.638013,0.638013,"[0.126193, 0.473215, 0.600785, 0.638013]",9,12.120515,24751.423,1.837625,47.568838,628.625
covertype,42,3,dp,3,1,2048,0.01,1.0,0.08,581012,100000,116203,54,7,385,iid,,33330,33337,33333.333,8.6e-05,0.619337,5e-05,6.5e-05,0.126193,0.60149,0.60149,"[0.126193, 0.392356, 0.564641, 0.60149]",9,12.058233,24879.267,1.837625,47.568843,628.625
covertype,42,3,fl,3,1,2048,0.01,1.0,0.08,581012,100000,116203,54,7,385,iid,,33330,33337,33333.333,8.6e-05,0.619337,5e-05,6.5e-05,0.126193,0.690154,0.690154,"[0.126193, 0.595897, 0.653649, 0.690154]",0,15.1159,19846.651,1.837625,47.568828,628.625
covertype,52,3,clip,3,1,2048,0.01,1.0,0.08,581012,100000,116203,54,7,385,iid,,33330,33337,33333.333,8.6e-05,0.619337,5e-05,6.5e-05,0.104748,0.650121,0.650121,"[0.104748, 0.43862, 0.619743, 0.650121]",9,11.987945,25025.14,1.823273,47.334426,618.918
covertype,52,3,dp,3,1,2048,0.01,1.0,0.08,581012,100000,116203,54,7,385,iid,,33330,33337,33333.333,8.6e-05,0.619337,5e-05,6.5e-05,0.104748,0.620173,0.620173,"[0.104748, 0.384276, 0.539521, 0.620173]",9,12.043607,24909.48,1.823273,47.334431,618.918
covertype,52,3,fl,3,1,2048,0.01,1.0,0.08,581012,100000,116203,54,7,385,iid,,33330,33337,33333.333,8.6e-05,0.619337,5e-05,6.5e-05,0.104748,0.686858,0.686858,"[0.104748, 0.610027, 0.653744, 0.686858]",0,15.0724,19903.931,1.823273,47.334416,618.918
covertype,62,3,clip,3,1,2048,0.01,1.0,0.08,581012,100000,116203,54,7,385,iid,,33330,33337,33333.333,8.6e-05,0.619337,5e-05,6.5e-05,0.111408,0.65,0.65,"[0.111408, 0.481778, 0.633168, 0.65]",9,12.043291,24910.136,1.845098,47.548695,619.891
covertype,62,3,dp,3,1,2048,0.01,1.0,0.08,581012,100000,116203,54,7,385,iid,,33330,33337,33333.333,8.6e-05,0.619337,5e-05,6.5e-05,0.111408,0.61779,0.61779,"[0.111408, 0.400282, 0.580673, 0.61779]",9,12.152438,24686.404,1.845098,47.548699,619.891
covertype,62,3,fl,3,1,2048,0.01,1.0,0.08,581012,100000,116203,54,7,385,iid,,33330,33337,33333.333,8.6e-05,0.619337,5e-05,6.5e-05,0.111408,0.690688,0.690688,"[0.111408, 0.619029, 0.655474, 0.690688]",0,15.052661,19930.031,1.845098,47.548686,619.891
covertype,72,3,clip,3,1,2048,0.01,1.0,0.08,581012,100000,116203,54,7,385,iid,,33330,33337,33333.333,8.6e-05,0.619337,5e-05,6.5e-05,0.168111,0.652935,0.652935,"[0.168111, 0.53743, 0.633658, 0.652935]",9,12.231699,24526.437,1.732867,47.844298,577.281
covertype,72,3,dp,3,1,2048,0.01,1.0,0.08,581012,100000,116203,54,7,385,iid,,33330,33337,33333.333,8.6e-05,0.619337,5e-05,6.5e-05,0.168111,0.621369,0.621369,"[0.168111, 0.532465, 0.590277, 0.621369]",9,12.229136,24531.577,1.732867,47.844303,577.281
covertype,72,3,fl,3,1,2048,0.01,1.0,0.08,581012,100000,116203,54,7,385,iid,,33330,33337,33333.333,8.6e-05,0.619337,5e-05,6.5e-05,0.168111,0.691462,0.691462,"[0.168111, 0.620268, 0.654226, 0.691462]",0,15.114764,19848.143,1.732867,47.844289,577.281
covertype,82,3,clip,3,1,2048,0.01,1.0,0.08,581012,100000,116203,54,7,385,iid,,33330,33337,33333.333,8.6e-05,0.619337,5e-05,6.5e-05,0.165374,0.639433,0.639433,"[0.165374, 0.484428, 0.612497, 0.639433]",9,12.076652,24841.323,1.777503,47.079803,591.168
covertype,82,3,dp,3,1,2048,0.01,1.0,0.08,581012,100000,116203,54,7,385,iid,,33330,33337,33333.333,8.6e-05,0.619337,5e-05,6.5e-05,0.165374,0.602867,0.602867,"[0.165374, 0.44183, 0.566913, 0.602867]",9,11.98962,25021.644,1.777503,47.079807,591.168
covertype,82,3,fl,3,1,2048,0.01,1.0,0.08,581012,100000,116203,54,7,385,iid,,33330,33337,33333.333,8.6e-05,0.619337,5e-05,6.5e-05,0.165374,0.688158,0.688158,"[0.165374, 0.601034, 0.646661, 0.688158]",0,14.802847,20266.371,1.777503,47.079793,591.168
covertype,42,10,clip,3,1,2048,0.01,1.0,0.08,581012,100000,116203,54,7,385,dirichlet_0.1,0.1,383,26358,10000.0,0.926121,0.248017,0.636008,0.92309,0.126193,0.580235,0.580235,"[0.126193, 0.357202, 0.520744, 0.580235]",12,11.964279,25074.641,1.693833,46.796051,586.094
covertype,42,10,dp,3,1,2048,0.01,1.0,0.08,581012,100000,116203,54,7,385,dirichlet_0.1,0.1,383,26358,10000.0,0.926121,0.248017,0.636008,0.92309,0.126193,0.546303,0.546303,"[0.126193, 0.341549, 0.465539, 0.546303]",12,11.884413,25243.149,1.693833,46.796056,586.094
covertype,42,10,fl,3,1,2048,0.01,1.0,0.08,581012,100000,116203,54,7,385,dirichlet_0.1,0.1,383,26358,10000.0,0.926121,0.248017,0.636008,0.92309,0.126193,0.594107,0.594107,"[0.126193, 0.478593, 0.568953, 0.594107]",0,14.729529,20367.25,1.693833,46.796041,586.094
covertype,52,10,clip,3,1,2048,0.01,1.0,0.08,581012,100000,116203,54,7,385,dirichlet_0.1,0.1,520,50097,10000.0,1.565302,0.192245,0.718353,0.963504,0.104748,0.595966,0.595966,"[0.104748, 0.267687, 0.506665, 0.595966]",6,11.88748,25236.635,1.78601,46.601546,631.91
covertype,52,10,dp,3,1,2048,0.01,1.0,0.08,581012,100000,116203,54,7,385,dirichlet_0.1,0.1,520,50097,10000.0,1.565302,0.192245,0.718353,0.963504,0.104748,0.455496,0.455496,"[0.104748, 0.272721, 0.38715, 0.455496]",6,12.000444,24999.074,1.78601,46.601551,631.91
covertype,52,10,fl,3,1,2048,0.01,1.0,0.08,581012,100000,116203,54,7,385,dirichlet_0.1,0.1,520,50097,10000.0,1.565302,0.192245,0.718353,0.963504,0.104748,0.642703,0.642703,"[0.104748, 0.590079, 0.619924, 0.642703]",0,14.420039,20804.382,1.78601,46.601536,631.91
covertype,62,10,clip,3,1,2048,0.01,1.0,0.08,581012,100000,116203,54,7,385,dirichlet_0.1,0.1,586,45737,10000.0,1.322528,0.240442,0.635714,0.951885,0.111408,0.613435,0.613435,"[0.111408, 0.276774, 0.5012, 0.613435]",9,12.107616,24777.793,1.783149,47.080321,584.176
covertype,62,10,dp,3,1,2048,0.01,1.0,0.08,581012,100000,116203,54,7,385,dirichlet_0.1,0.1,586,45737,10000.0,1.322528,0.240442,0.635714,0.951885,0.111408,0.484144,0.484144,"[0.111408, 0.241336, 0.404637, 0.484144]",9,12.191739,24606.825,1.783149,47.080325,584.176
covertype,62,10,fl,3,1,2048,0.01,1.0,0.08,581012,100000,116203,54,7,385,dirichlet_0.1,0.1,586,45737,10000.0,1.322528,0.240442,0.635714,0.951885,0.111408,0.617738,0.617738,"[0.111408, 0.525434, 0.602136, 0.617738]",0,14.477685,20721.544,1.783149,47.080311,584.176
covertype,72,10,clip,3,1,2048,0.01,1.0,0.08,581012,100000,116203,54,7,385,dirichlet_0.1,0.1,378,28170,10000.0,0.961554,0.217293,0.62605,0.90762,0.168111,0.613504,0.613504,"[0.168111, 0.405971, 0.545235, 0.613504]",12,12.020981,24956.365,1.903976,46.7411,601.637
covertype,72,10,dp,3,1,2048,0.01,1.0,0.08,581012,100000,116203,54,7,385,dirichlet_0.1,0.1,378,28170,10000.0,0.961554,0.217293,0.62605,0.90762,0.168111,0.533816,0.533816,"[0.168111, 0.363312, 0.436082, 0.533816]",12,11.934978,25136.201,1.903976,46.741105,601.637
covertype,72,10,fl,3,1,2048,0.01,1.0,0.08,581012,100000,116203,54,7,385,dirichlet_0.1,0.1,378,28170,10000.0,0.961554,0.217293,0.62605,0.90762,0.168111,0.624252,0.624252,"[0.168111, 0.516665, 0.611791, 0.624252]",0,14.53438,20640.715,1.903976,46.741092,601.637
covertype,82,10,clip,3,1,2048,0.01,1.0,0.08,581012,100000,116203,54,7,385,dirichlet_0.1,0.1,691,27884,10000.0,0.862159,0.27763,0.556504,0.920488,0.165374,0.620457,0.620457,"[0.165374, 0.389491, 0.563307, 0.620457]",14,12.031156,24935.261,1.801941,47.343163,625.699
covertype,82,10,dp,3,1,2048,0.01,1.0,0.08,581012,100000,116203,54,7,385,dirichlet_0.1,0.1,691,27884,10000.0,0.862159,0.27763,0.556504,0.920488,0.165374,0.571147,0.571147,"[0.165374, 0.38184, 0.507336, 0.571147]",15,11.943488,25118.29,1.801941,47.343168,625.699
covertype,82,10,fl,3,1,2048,0.01,1.0,0.08,581012,100000,116203,54,7,385,dirichlet_0.1,0.1,691,27884,10000.0,0.862159,0.27763,0.556504,0.920488,0.165374,0.624227,0.624227,"[0.165374, 0.507474, 0.61106, 0.624227]",0,15.191428,19747.979,1.801941,47.343153,625.699
covertype,42,10,clip,3,1,2048,0.01,1.0,0.08,581012,100000,116203,54,7,385,dirichlet_0.5,0.5,2834,20612,10000.0,0.6491,0.486511,0.367002,0.557898,0.126193,0.623581,0.623581,"[0.126193, 0.3874, 0.554822, 0.623581]",12,11.910394,25188.084,1.846478,46.995409,611.77
covertype,42,10,dp,3,1,2048,0.01,1.0,0.08,581012,100000,116203,54,7,385,dirichlet_0.5,0.5,2834,20612,10000.0,0.6491,0.486511,0.367002,0.557898,0.126193,0.5815,0.5815,"[0.126193, 0.349277, 0.493722, 0.5815]",12,11.781806,25462.989,1.846478,46.995414,611.77
covertype,42,10,fl,3,1,2048,0.01,1.0,0.08,581012,100000,116203,54,7,385,dirichlet_0.5,0.5,2834,20612,10000.0,0.6491,0.486511,0.367002,0.557898,0.126193,0.624889,0.624889,"[0.126193, 0.45208, 0.592954, 0.624889]",0,14.939491,20081.006,1.846478,46.9954,611.77
covertype,52,10,clip,3,1,2048,0.01,1.0,0.08,581012,100000,116203,54,7,385,dirichlet_0.5,0.5,1790,27590,10000.0,0.797994,0.495917,0.34894,0.542567,0.104748,0.624631,0.624631,"[0.104748, 0.33309, 0.533454, 0.624631]",9,11.99157,25017.574,1.871163,47.563269,592.766
covertype,52,10,dp,3,1,2048,0.01,1.0,0.08,581012,100000,116203,54,7,385,dirichlet_0.5,0.5,1790,27590,10000.0,0.797994,0.495917,0.34894,0.542567,0.104748,0.566483,0.566483,"[0.104748, 0.297488, 0.468172, 0.566483]",9,11.879286,25254.043,1.871163,47.563273,592.766
covertype,52,10,fl,3,1,2048,0.01,1.0,0.08,581012,100000,116203,54,7,385,dirichlet_0.5,0.5,1790,27590,10000.0,0.797994,0.495917,0.34894,0.542567,0.104748,0.639054,0.639054,"[0.104748, 0.45109, 0.618125, 0.639054]",0,15.349754,19544.287,1.871163,47.563259,592.766
covertype,62,10,clip,3,1,2048,0.01,1.0,0.08,581012,100000,116203,54,7,385,dirichlet_0.5,0.5,2243,22279,10000.0,0.574369,0.520171,0.321859,0.49507,0.111408,0.61958,0.61958,"[0.111408, 0.384198, 0.552757, 0.61958]",8,12.124471,24743.347,1.785481,47.673249,604.184
covertype,62,10,dp,3,1,2048,0.01,1.0,0.08,581012,100000,116203,54,7,385,dirichlet_0.5,0.5,2243,22279,10000.0,0.574369,0.520171,0.321859,0.49507,0.111408,0.586818,0.586818,"[0.111408, 0.345094, 0.504531, 0.586818]",8,12.028117,24941.56,1.785481,47.673254,604.184
covertype,62,10,fl,3,1,2048,0.01,1.0,0.08,581012,100000,116203,54,7,385,dirichlet_0.5,0.5,2243,22279,10000.0,0.574369,0.520171,0.321859,0.49507,0.111408,0.628099,0.628099,"[0.111408, 0.447889, 0.595217, 0.628099]",0,15.139924,19815.16,1.785481,47.673239,604.184
covertype,72,10,clip,3,1,2048,0.01,1.0,0.08,581012,100000,116203,54,7,385,dirichlet_0.5,0.5,1229,19293,10000.0,0.592961,0.430759,0.473528,0.819257,0.168111,0.621456,0.621456,"[0.168111, 0.439989, 0.575467, 0.621456]",11,11.927333,25152.312,1.744178,46.398818,601.773
covertype,72,10,dp,3,1,2048,0.01,1.0,0.08,581012,100000,116203,54,7,385,dirichlet_0.5,0.5,1229,19293,10000.0,0.592961,0.430759,0.473528,0.819257,0.168111,0.598427,0.598427,"[0.168111, 0.392503, 0.521243, 0.598427]",11,11.662855,25722.689,1.744178,46.398823,601.773
covertype,72,10,fl,3,1,2048,0.01,1.0,0.08,581012,100000,116203,54,7,385,dirichlet_0.5,0.5,1229,19293,10000.0,0.592961,0.430759,0.473528,0.819257,0.168111,0.62717,0.62717,"[0.168111, 0.487595, 0.601671, 0.62717]",0,14.580177,20575.882,1.744178,46.398808,601.773
covertype,82,10,clip,3,1,2048,0.01,1.0,0.08,581012,100000,116203,54,7,385,dirichlet_0.5,0.5,2472,22117,10000.0,0.596797,0.517009,0.33198,0.54841,0.165374,0.619321,0.619321,"[0.165374, 0.405618, 0.554788, 0.619321]",9,12.159061,24672.958,1.843837,47.26096,609.168
covertype,82,10,dp,3,1,2048,0.01,1.0,0.08,581012,100000,116203,54,7,385,dirichlet_0.5,0.5,2472,22117,10000.0,0.596797,0.517009,0.33198,0.54841,0.165374,0.574159,0.574159,"[0.165374, 0.390894, 0.517267, 0.574159]",9,12.108594,24775.792,1.843837,47.260964,609.168
covertype,82,10,fl,3,1,2048,0.01,1.0,0.08,581012,100000,116203,54,7,385,dirichlet_0.5,0.5,2472,22117,10000.0,0.596797,0.517009,0.33198,0.54841,0.165374,0.634536,0.634536,"[0.165374, 0.467225, 0.600398, 0.634536]",0,14.778887,20299.228,1.843837,47.26095,609.168
covertype,42,10,clip,3,1,2048,0.01,1.0,0.08,581012,100000,116203,54,7,385,iid,,9998,10002,10000.0,0.000148,0.619337,0.000134,0.000178,0.126193,0.592145,0.592145,"[0.126193, 0.403337, 0.53996, 0.592145]",0,11.741375,25550.671,1.79137,46.959479,626.328
covertype,42,10,dp,3,1,2048,0.01,1.0,0.08,581012,100000,116203,54,7,385,iid,,9998,10002,10000.0,0.000148,0.619337,0.000134,0.000178,0.126193,0.578884,0.578884,"[0.126193, 0.386565, 0.522672, 0.578884]",0,11.851845,25312.514,1.79137,46.959483,626.328
covertype,42,10,fl,3,1,2048,0.01,1.0,0.08,581012,100000,116203,54,7,385,iid,,9998,10002,10000.0,0.000148,0.619337,0.000134,0.000178,0.126193,0.592145,0.592145,"[0.126193, 0.403337, 0.53996, 0.592145]",0,15.059659,19920.77,1.79137,46.959468,626.328
covertype,52,10,clip,3,1,2048,0.01,1.0,0.08,581012,100000,116203,54,7,385,iid,,9998,10002,10000.0,0.000148,0.619337,0.000134,0.000178,0.104748,0.609958,0.609958,"[0.104748, 0.347642, 0.525537, 0.609958]",0,11.792197,25440.552,1.747327,46.696182,590.426
covertype,52,10,dp,3,1,2048,0.01,1.0,0.08,581012,100000,116203,54,7,385,iid,,9998,10002,10000.0,0.000148,0.619337,0.000134,0.000178,0.104748,0.564538,0.564538,"[0.104748, 0.318623, 0.470874, 0.564538]",0,11.914941,25178.472,1.747327,46.696186,590.426
covertype,52,10,fl,3,1,2048,0.01,1.0,0.08,581012,100000,116203,54,7,385,iid,,9998,10002,10000.0,0.000148,0.619337,0.000134,0.000178,0.104748,0.609958,0.609958,"[0.104748, 0.347642, 0.525537, 0.609958]",0,14.727913,20369.484,1.747327,46.696172,590.426
covertype,62,10,clip,3,1,2048,0.01,1.0,0.08,581012,100000,116203,54,7,385,iid,,9998,10002,10000.0,0.000148,0.619337,0.000134,0.000178,0.111408,0.617893,0.617893,"[0.111408, 0.397554, 0.562688, 0.617893]",0,11.881539,25249.254,1.731983,46.526413,604.535
covertype,62,10,dp,3,1,2048,0.01,1.0,0.08,581012,100000,116203,54,7,385,iid,,9998,10002,10000.0,0.000148,0.619337,0.000134,0.000178,0.111408,0.609012,0.609012,"[0.111408, 0.371565, 0.530331, 0.609012]",0,11.874467,25264.292,1.731983,46.526416,604.535
covertype,62,10,fl,3,1,2048,0.01,1.0,0.08,581012,100000,116203,54,7,385,iid,,9998,10002,10000.0,0.000148,0.619337,0.000134,0.000178,0.111408,0.617893,0.617893,"[0.111408, 0.397554, 0.562688, 0.617893]",0,14.452089,20758.245,1.731983,46.526405,604.535
covertype,72,10,clip,3,1,2048,0.01,1.0,0.08,581012,100000,116203,54,7,385,iid,,9998,10002,10000.0,0.000148,0.619337,0.000134,0.000178,0.168111,0.618409,0.618409,"[0.168111, 0.460375, 0.57681, 0.618409]",0,11.842454,25332.586,1.780346,46.800078,620.387
covertype,72,10,dp,3,1,2048,0.01,1.0,0.08,581012,100000,116203,54,7,385,iid,,9998,10002,10000.0,0.000148,0.619337,0.000134,0.000178,0.168111,0.606542,0.606542,"[0.168111, 0.459928, 0.552413, 0.606542]",0,11.947882,25109.053,1.780346,46.800083,620.387
covertype,72,10,fl,3,1,2048,0.01,1.0,0.08,581012,100000,116203,54,7,385,iid,,9998,10002,10000.0,0.000148,0.619337,0.000134,0.000178,0.168111,0.618409,0.618409,"[0.168111, 0.460375, 0.57681, 0.618409]",0,14.698375,20410.42,1.780346,46.800069,620.387
covertype,82,10,clip,3,1,2048,0.01,1.0,0.08,581012,100000,116203,54,7,385,iid,,9998,10002,10000.0,0.000148,0.619337,0.000134,0.000178,0.165374,0.601344,0.601344,"[0.165374, 0.423604, 0.542137, 0.601344]",0,11.814836,25391.804,1.775975,46.45969,604.215
covertype,82,10,dp,3,1,2048,0.01,1.0,0.08,581012,100000,116203,54,7,385,iid,,9998,10002,10000.0,0.000148,0.619337,0.000134,0.000178,0.165374,0.565321,0.565321,"[0.165374, 0.419869, 0.518713, 0.565321]",0,12.017222,24964.173,1.775975,46.459695,604.215
covertype,82,10,fl,3,1,2048,0.01,1.0,0.08,581012,100000,116203,54,7,385,iid,,9998,10002,10000.0,0.000148,0.619337,0.000134,0.000178,0.165374,0.601344,0.601344,"[0.165374, 0.423604, 0.542137, 0.601344]",0,14.321875,20946.979,1.775975,46.45968,604.215
